column_1,column_2,column_3,column_4,column_5,column_6,column_7,column_8,column_9,column_10
13.982933573732023,12.709504194837875,1,2,1,0.8233192737217176,5.9781897550487,1,0,71
1.6737542010399569,0.8181066195963801,0,2,0,0.3117766772765435,57.54490821542173,0,0,41
10.43541039740667,9.116452409771336,1,2,0,0.4478719082072732,189.34669807183028,0,0,10
9.797875735965317,8.17545619990236,0,2,1,1.194460460929475,36.87552505353942,1,0,38
8.692878949104822,6.087864218405488,0,2,1,0.9481657539305134,103.13753642534851,1,0,56
11.855139836001609,10.954389066215393,0,2,0,0.2580333428844099,-23.716094568359114,0,0,14
4.960230943093156,3.501412425296443,1,2,0,1.0710447085225252,115.08312595593988,0,0,37
8.595374013282786,7.215430067106481,1,2,1,1.1424743824926602,217.30685492049545,1,0,8
-0.9356651198964511,-2.7247355946699656,0,2,1,1.1159091185979173,53.83744034006339,1,0,13
10.870193716279669,8.56910307058149,0,2,0,1.4020342636148178,247.65957464350188,0,0,37
5.599762886956225,5.140737575030464,1,2,0,0.2050689157955205,59.42011758591602,0,0,22
11.800747542202114,11.388441215716616,1,2,1,-0.15228783833446763,103.87759450607614,1,0,11
-2.2966240560346263,-2.563059182332732,1,2,1,0.6962612485689997,93.3087862943984,1,0,16
7.841550789811231,7.145759833344629,1,2,1,0.30160199013767625,89.78964287037292,1,0,56
10.483310756687015,9.827787649254867,0,2,0,0.09758055851780405,194.69572359499645,0,0,16
14.248408512799102,11.86096505975764,0,2,1,1.0565986876137514,84.93678629412469,1,0,33
10.50729054913924,10.735861306967863,1,2,0,-0.2455141575757308,122.36243518813853,0,0,20
12.3221406403605,9.787388895664378,0,2,1,1.9182255485426707,120.78871297231198,1,0,32
22.243650931666924,21.310952007702777,0,2,0,0.7204719027489414,140.4291748062387,0,0,21
0.8411952165415008,1.0763423902573888,0,2,1,0.4377563610183964,-90.08753266586282,1,0,15
2.792551278757737,2.500340712859158,0,2,1,0.11698326994287361,-60.7075388989835,1,0,20
14.546348525831737,13.80988305897844,1,2,0,0.05784126769691924,166.34521879507005,0,0,21
0.6855699011233706,-0.2724666756377968,0,2,0,-0.010355257664346921,-83.19135074195117,0,0,23
12.538077347296259,11.452653755036005,0,2,0,0.39816616947066635,114.34714428605861,0,0,78
7.487285896289774,6.071253303303794,0,2,0,1.0130802934040477,78.22573776406787,0,0,25
5.732861175200142,3.9758011717166624,0,2,1,1.2536874087788081,3.5169932219634927,1,0,5
8.620085721646667,8.397763821898206,0,2,1,0.3395082349876248,-61.34709602727152,1,0,19
16.093984072020255,14.39545012149158,1,2,0,0.8139737200633629,96.6991352866902,0,0,14
15.533789099305581,14.245562233140227,0,2,0,0.6518957293671912,-23.438394590480286,0,0,21
8.273648958284678,7.581432295845415,0,2,1,0.6248724138906193,1.4671219859230722,1,0,40
7.587709979588933,6.494547419260163,0,2,1,0.2899965912586314,97.7681888212631,1,0,22
5.857802900858155,4.742074771962422,0,2,1,0.47061660962617,41.500900458891394,1,0,3
19.295896000524806,17.41404626869233,0,2,1,0.8299727706589868,102.49823343030289,1,0,26
7.215094464607964,5.502110858186425,0,2,1,1.2066008681105418,102.64843153090041,1,0,7
7.337132648544363,5.340785646098663,0,2,1,1.4013208142067475,-13.53182154985304,1,0,49
17.95968440880535,16.310252799550124,1,2,1,0.7043847420300159,49.52770932237979,1,0,7
10.933514997772894,9.04415644711743,1,2,1,1.242867064719103,-13.405721419581912,1,0,31
4.946317416798519,4.07813893742366,1,2,0,0.43650391672183825,226.59564891108252,0,0,24
14.676208549968662,13.450440363053021,0,2,1,0.4151128036560679,-36.008738058473156,1,0,48
8.360690211430303,7.365843765771624,0,2,1,0.48006353891305303,104.55768832992473,1,0,42
19.964175240109977,17.833084763841434,0,2,1,1.3989418282326826,59.72925622137528,1,0,12
13.162717791511472,12.069878763688633,0,2,0,0.4106978586450168,160.5166957431439,0,0,60
2.5375856932540093,1.427802184066773,1,2,0,1.0315921357040478,-31.338890603073693,0,0,52
14.627830838539323,13.279511649965839,0,2,1,0.6258417058395416,93.75272791191246,1,0,11
4.935276677717399,2.7738981303604917,0,2,1,1.1658014314220668,-76.30159639915425,1,0,28
9.657365922388296,9.365149271784155,0,2,1,0.29389584905825633,125.39336551834923,1,0,11
13.062965363835398,11.051233237312456,1,2,0,0.9444371519971299,82.8345947356134,0,0,10
8.872180040119742,7.484260594017585,0,2,0,0.7787702101707459,-97.38060516491423,0,0,31
15.389182435114593,13.566155024011445,1,2,1,0.8922377156605518,117.23825362212573,1,0,46
23.541522748680354,22.198409277526345,0,2,1,0.8514407120104184,-84.36247726608771,1,0,18
14.416339584518262,12.654363379958495,1,2,0,0.6471983543887819,-49.11723227084164,0,0,16
17.273582766704656,15.154663858674532,1,2,0,0.7798018619900672,7.2142068813335225,0,0,30
15.857430530940803,14.648465020146032,1,2,0,0.5809033505889549,64.59789714972239,0,0,29
10.872612697313404,10.151747261502564,0,2,1,0.5988789238494544,-38.51155273032758,1,0,12
5.235181073321276,4.801467409279703,0,2,0,0.4994673140831991,-24.887103531971754,0,0,2
8.48741890433107,8.24565977239613,1,2,1,0.04604544313071914,261.06654105524154,1,0,2
18.822936252468217,16.452840355218328,1,2,1,1.367294061272037,151.72211933494043,1,0,57
6.706080281618114,6.034903320907228,0,2,1,0.46227206719475183,-49.02233629213181,1,0,38
18.209640009259772,17.76270561987914,0,2,1,0.33150416839665675,169.22262990971652,1,0,36
3.838086453441362,2.3851842119093125,1,2,1,0.31581022651203083,-16.77841202090292,1,0,25
3.0834346896255753,1.0146884559293454,1,2,0,1.2691012541993507,105.20587986150238,0,0,20
19.507564236763493,18.095345127333054,0,2,1,0.7067098215254534,333.1446377692431,1,0,41
5.571667233760973,5.12016278082454,0,2,0,0.4112453061451419,-84.14955776903781,0,0,66
10.01325276887591,7.792296993990874,0,2,1,1.2495767564083362,69.67238935549457,1,0,44
4.860892317382871,3.615430846738511,1,2,0,0.555226819210581,-11.248296562569275,0,0,1
11.71632434547131,11.007927605556581,0,2,0,0.441144943680839,170.02576196253457,0,0,6
12.727159863193926,11.35071113727528,0,2,1,0.9416428624463999,50.065144636428286,1,0,43
10.531636865148405,9.589944657562105,0,2,0,0.5302687901299459,39.36103987741146,0,0,45
12.901174323657738,10.74803573932623,1,2,1,1.3684065970306445,165.63053161234345,1,0,50
8.04348499755736,5.915449309929697,1,2,1,1.1690273537773144,-109.77375779124377,1,0,23
6.043818627125834,4.9583547729747455,0,2,1,0.6891680067326618,46.61253689721012,1,0,33
11.344899206381733,9.348481612087914,1,2,1,1.2275974055399197,104.78874478136949,1,0,25
10.381551444046886,7.807118836924952,0,2,0,1.58106521055292,220.91362551168675,0,0,51
0.9167507960548882,0.18945211936184939,0,2,0,0.7692447115067959,79.99606429949222,0,0,67
12.665822001799649,10.585925716315462,0,2,1,1.1887498330092188,12.362197898761632,1,0,47
13.937730449911705,13.119385215521174,1,2,0,0.10339621110511744,252.07349054478374,0,0,27
2.419915092814906,2.5397105407686533,0,2,1,-0.033371238058642796,5.409310177577992,1,0,45
19.024085104463733,17.245314123565198,0,2,1,0.7950916308814954,17.12588486625819,1,0,51
4.809667804725817,4.886870539550657,1,2,0,0.14460313593714394,124.49958155044051,0,0,36
19.45788578919404,18.389105900963454,0,2,1,0.35943474252623,27.935412974029216,1,0,18
-4.505988142194099,-5.755435310354138,1,2,1,1.4740035425374485,-63.29722975570658,1,0,-5
15.802642105693526,13.948200847717114,0,2,1,0.9065502989191875,26.803980056624482,1,0,31
7.517546650404318,6.93455853290298,0,2,1,0.5817160341391455,77.90775110582808,1,0,47
9.140146494592368,7.6876363537665595,0,2,1,0.6738086247248024,-112.61656602106622,1,0,44
18.35461209262778,17.29871663848186,0,2,1,0.6410530296935659,89.09823973553154,1,0,33
21.73480536290884,19.067472194799105,0,2,1,1.664551761373237,81.64066421640793,1,0,34
10.773804075565183,9.363475597983538,0,2,1,0.6617988753846781,-57.58964589395909,1,0,17
13.753847208789852,11.254867587803929,0,2,1,1.0198186273425758,-118.12694024269875,1,0,17
24.489251973740647,21.730896734605324,0,2,1,1.1782101701748169,52.16415830464322,1,0,25
9.631377869109215,8.670508860723718,0,2,1,0.7834446088418222,57.53556941318846,1,0,20
17.843793088269393,16.59498323573842,0,2,0,0.5790125186316729,243.6611950001585,0,0,28
11.89502915864445,9.859882622017416,0,2,1,1.2465662844568002,171.76846713253317,1,0,50
0.34055037534259813,-0.7818981561114351,1,2,1,0.7331473613510261,111.63839627918348,1,0,21
-1.8580366798653667,-2.6466088301976036,0,2,0,0.977640809767327,60.41377385244961,0,0,0
9.800723317793388,9.509241142797038,1,2,1,0.14884928914731949,-35.866803830301556,1,0,16
11.216570502907862,9.35060306868145,0,2,1,0.7242213175150746,81.67061134242672,1,0,41
3.568186572686603,3.244653817886881,0,2,0,0.03592123518129327,59.00440405719458,0,0,9
6.089533707004183,4.626363558225015,0,2,1,0.726990211576853,25.21549677271442,1,0,2
6.184677238984029,4.220192592868755,0,2,1,1.448389812923879,-64.23582973278015,1,0,10
16.893848755933647,15.904525602091026,0,2,0,0.05293086048746235,5.316967452084063,0,0,7
5.407018769525587,3.7170487668112577,0,2,0,0.7420637184166609,-81.03551531256842,0,0,31
-1.3071815441881047,-2.12430362150832,1,2,0,0.6051639553683291,99.45253710658857,0,0,52
8.334337413484898,6.695992112745269,0,2,1,1.2756645909326336,-19.238073934206916,1,0,-9
16.436663754123,16.56546343081564,0,2,0,-0.03848811888000989,-39.91429336166012,0,0,7
11.386799242640745,10.207939967672024,1,2,1,0.5803152005063628,86.85158335193849,1,0,47
6.292012791279035,4.873376552533816,0,2,1,0.7080019740885737,17.27791224158815,1,0,49
10.496020089501593,8.730557630619195,1,2,1,0.9512449941082075,-70.59601587693592,1,0,17
13.007736836786211,11.63484537655404,1,2,0,1.0376122324701977,179.93122713375345,0,0,-8
13.564163751297441,12.487845784986822,0,2,0,0.08834428001250291,188.0634102727518,0,0,24
6.007405170510803,4.329074554309762,1,2,1,0.6479784615379429,106.08797941730367,1,0,44
8.366596243064647,7.0970910658480095,1,2,1,0.9549814194962717,143.34391212359236,1,0,28
9.747971239867754,8.951916820855176,1,2,1,0.11515933867917233,-16.671000510022257,1,0,40
7.49806847497158,5.778340210083245,0,2,0,1.0827548620228307,131.17211397475634,0,0,20
12.680723822749743,10.037892163159901,0,2,0,1.3209254262347125,142.10427723534582,0,0,50
15.869091962896158,13.572733439685287,0,2,1,1.0767206077131517,25.632448678303938,1,0,39
11.577883384924881,10.063890049532624,1,2,1,0.5503128845933951,22.378170759835616,1,0,43
18.837477094941253,16.507585171558237,1,2,1,0.9977506621537454,-47.8210728795638,1,0,46
8.306303572849478,6.242197126747818,1,2,1,1.5053085848496195,137.29743000667403,1,0,53
0.20496881096157457,-1.1873305496427735,1,2,0,0.831430679134104,-68.35326776454852,0,0,24
8.666465794423482,8.42683370882836,0,2,1,0.13090035638427908,34.96223258699797,1,0,19
3.2577485240053905,1.4224013640840683,1,2,1,1.1746397783654101,42.36763430290089,1,0,33
10.711365418030953,8.786209307029504,1,2,0,1.3658239555619378,77.43018027793259,0,0,27
1.8693848106790187,2.166479274797614,0,2,0,-0.33334128659992934,13.560799211708607,0,0,0
15.100773953719175,14.965065908955221,1,2,1,0.2477350474230372,-97.18127946109541,1,0,18
10.983354715085367,11.127213975166596,1,2,0,-0.3102848239861635,-8.46065793141919,0,0,-15
17.17146499889192,16.289201649824616,0,2,1,0.2873328406285217,77.47342973631581,1,0,53
9.040643347116012,7.957352805531762,0,2,0,0.9149212727226939,73.22333203609709,0,0,0
15.084139126016352,13.358682254718033,0,2,1,1.3252826499994668,102.51874271195955,1,0,50
25.98026914730433,24.405791091012066,0,1,1,0.7170872182676327,199.63344411845884,1,0,77
19.586544189363327,18.476579050063012,0,2,1,0.3233691792422118,61.713476175977135,1,0,70
9.213970808941237,7.0540994316715055,1,2,0,1.3327723094977966,30.660870671956022,0,0,30
6.674752090236828,6.027886651992656,0,2,0,0.20456428939684787,-43.8187796875492,0,0,0
12.294698000147593,10.460086530125503,0,2,1,0.9437029675477441,150.84089656897493,1,0,61
3.4949505299120878,1.675687971072624,0,2,1,0.9155199107919156,-71.03797872965718,1,0,16
-1.2240507139302652,-2.5420327129486244,1,2,0,0.5767750867949526,18.177734700435106,0,0,-7
22.57696366766364,20.728826569896807,0,2,0,0.7906004703866458,-4.021372538525297,0,0,37
7.650844112041467,7.431697883896436,1,2,0,0.180012995354547,-45.168390756297484,0,0,27
2.321209672294874,0.8751548869343835,1,2,0,0.5945725718516267,30.498235413048643,0,0,-10
7.860815734405687,8.06547407153267,0,2,0,0.15369414546773294,155.61948934980592,0,0,21
13.679861169261121,11.851031623578212,0,2,0,0.9720001456383828,-6.965716412922933,0,0,58
2.9827155688270066,1.721630655133385,0,2,0,0.8065058126711139,44.66481952407375,0,0,36
1.8566836302581806,0.9936007881231819,0,2,1,0.7461403558400836,-60.56637813067986,1,0,58
4.68872685122984,4.022570403752456,1,2,0,-0.09932935947078819,26.654405530939684,0,0,15
1.5603677406290246,0.3441547714350332,1,2,1,0.9317046656469513,-117.40233507717355,1,0,33
2.621496186780138,2.6290940831910836,1,2,1,-0.1294118674678283,86.07539701657882,1,0,8
14.4817441521233,13.19307080012485,0,2,1,0.8132027798487089,6.127383920918638,1,0,22
17.02365542156563,14.910519494723463,1,2,1,1.0090657063999295,209.1199489868611,1,0,58
18.808080165161133,17.81290049010294,0,2,1,0.4209643526889392,130.70482393810596,1,0,38
6.121631556220485,5.731012822747948,0,2,1,0.5868313143546071,121.39440382734317,1,0,-19
1.4539096965876375,0.2078207377986968,0,2,1,1.3100123158751522,98.95983989679625,1,0,1
2.22038304913474,1.4056075955674074,0,2,1,0.19055174189206872,-9.40760594451963,1,0,12
6.51640335127354,5.130135110540987,0,2,1,1.1032782273418613,82.92778231402087,1,0,59
2.2124358595210016,2.1829120988054376,0,2,1,-0.09149944956135157,-93.1684505693005,1,0,16
23.33540946795633,22.335083504935128,0,2,1,0.5631942817745602,49.88204695419533,1,0,41
11.569734261810243,8.970642017078104,1,2,0,1.4257220676982372,-35.64608222429359,0,0,27
11.909971735185833,12.299726450821746,0,2,1,-0.15412430561702786,-89.10204320489765,1,0,12
8.27791802392801,8.040553485752028,1,2,1,0.38275714736125044,154.16796673373355,1,0,42
5.611987775812456,4.672445496035661,1,2,1,0.556895129065972,8.480261031408117,1,0,28
8.638416983236477,7.573947332168111,1,2,1,0.27322115129862234,-173.12522210879425,1,0,-2
4.650715443458031,2.602428051441819,1,2,1,1.1589412051611245,-60.22632516706311,1,0,16
16.148300520756276,14.018389909393681,0,2,1,1.0748990860873058,161.42731149308133,1,0,29
6.156505144109209,5.637873028119051,1,2,0,0.7480607667059822,72.20196101853581,0,0,2
23.784230848735234,21.77059346361327,0,1,1,0.6661039774034752,93.29159022733992,1,0,11
1.8270121012605784,1.5076318485134022,1,2,0,0.5168138931442966,-50.30620337680512,0,0,28
3.9463551535995283,4.330559314876125,0,2,1,0.005492614399775268,-87.13241475374595,1,0,5
14.19479800659295,11.983737670033031,0,2,0,1.1552676921980432,125.32611690447168,0,0,6
-4.312270172699595,-4.379257811473655,0,2,1,-0.027724674885872585,68.59732745378139,1,0,6
0.9455372587013838,0.5906373605497756,1,2,1,0.16420979177539147,-24.87654433527891,1,0,14
18.316104841928635,16.800511560330552,0,2,1,0.751472865330723,-64.51751330061985,1,0,11
17.274303138923063,15.613295077809433,1,2,0,0.9540338991905829,-10.184980142653348,0,0,62
14.044993522860466,12.154653206015897,0,2,1,1.2580546440968812,42.958908931184304,1,0,16
20.37229459801464,19.313151070027033,0,2,0,0.6160989226218949,133.138113727666,0,0,45
8.843520846439288,7.413468499072849,0,2,1,0.6574350997718303,14.022345974947868,1,0,70
10.342014020647095,10.390244086814945,0,2,0,-0.010385601004506742,195.1225856413066,0,0,40
18.210187229918592,16.426149861799804,0,2,1,1.4615846035772708,41.48620492997,1,0,31
7.921290420469113,6.178745497667755,1,2,1,1.2226264103006503,-73.97771376054712,1,0,4
10.626671514455793,9.982565840393896,1,2,1,0.34996419463918055,3.8788810908328486,1,0,31
9.477518098912537,7.623366208605069,0,2,1,0.8331259479038761,116.75285798626697,1,0,20
2.242013341222952,1.51810700630482,1,2,1,0.8158241683390772,-84.37582057917183,1,0,25
-2.874470766463339,-3.585287544417273,1,2,1,0.4168387299823143,35.885882621723916,1,0,19
18.484355541099,16.260537518857046,0,2,1,1.2473666130111125,174.28441764513,1,0,37
14.72388659116841,13.356866823356041,0,2,1,0.38087792314340724,-183.64523089001094,1,0,54
4.844717984051779,3.895402772537845,0,2,1,0.5606142181654054,-28.04480462232364,1,0,-13
4.906056298272899,4.3824650186827485,0,2,1,0.14878085877163583,-11.458837799184556,1,0,44
7.720196006997006,7.195071926760048,0,2,1,0.5960817723702626,-45.82046695999716,1,0,7
9.105293671242213,7.66434784689808,1,2,1,0.9511387884876231,5.557768687264209,1,0,0
7.133329830954054,6.6335135821963265,1,2,1,0.3070656121782942,-126.14901374824835,1,0,46
11.369076452211994,11.243190529628736,0,2,0,-0.36057222929420635,155.32984978910284,0,0,41
4.746828862315376,4.066319076051213,0,2,1,0.6997799816075755,-46.74768420088955,1,0,41
14.532076915743815,14.064488793478645,0,2,0,0.19669709009816067,-117.80113659333865,0,0,-1
12.979995207113761,12.11986707059444,0,2,0,0.43836654629679106,56.609465013640886,0,0,48
15.298823408044088,13.285288529002052,0,2,1,0.9160147662740405,-6.1823853579174965,1,0,56
-9.822006195414195,-10.641377877246558,1,2,0,0.7493401513919704,-60.82382248309795,0,0,29
5.300776786413166,3.6233375660982756,0,2,0,1.1865838375071274,19.521358801674168,0,0,14
12.015703262273362,9.977374352366821,0,2,1,1.537281975947335,25.92264859315472,1,0,11
8.92993190087732,7.860016357632128,0,2,0,0.7552712407846451,30.764134571428315,0,0,11
3.8034948363947363,2.50322390160207,0,2,0,1.1066293642506706,70.74275494566747,0,0,9
10.987832786094218,9.334908208270438,0,2,0,1.0906273692307378,45.23436107435954,0,0,7
10.569369733762668,9.228535959024697,0,2,0,0.6779167495420584,25.79468682167909,0,0,0
6.4863290445948705,5.544670926697347,0,2,0,0.7269640303422997,41.411484670014495,0,0,19
20.619459277544593,18.29625354431458,0,2,0,1.2132531521222913,27.10357830438302,0,0,11
10.14619877571206,9.530275156223828,0,2,0,0.42691701241318614,0.6375686100703318,0,0,4
4.360895162730717,4.333231263311756,0,2,0,0.12031741251118747,45.84528039580054,0,0,12
10.709999923381954,9.559428674401497,0,2,0,0.4168609383733634,34.15411010962394,0,0,5
13.428929730155907,11.618453296829879,0,2,0,0.7401498756008175,31.477470858274096,0,0,0
4.997020875385921,4.303904196110426,0,2,0,0.8062075192311002,41.432186153317,0,0,12
5.143652775039718,4.633917505548838,0,2,0,0.23434948386992638,44.246224841403695,0,0,17
2.950951271658351,2.169689842846362,0,2,0,0.8921837012504961,38.89959011318834,0,0,21
4.523743920233661,3.6829254410008794,0,2,0,0.7256492059815919,6.092628418157759,0,0,13
16.97917082634709,14.898392639645106,0,2,1,1.4698996116303082,24.8780112447602,1,0,19
10.057474754685686,8.278217818912015,0,2,0,1.1390333066790752,49.876566348856635,0,0,19
5.538440661907911,4.276683853470328,0,2,0,1.139213460419845,47.14555956233284,0,0,21
6.330583327474705,5.545400391251285,0,2,0,0.2959438558625618,53.856469214105395,0,0,16
11.087564980444258,9.083485541453147,0,2,0,1.2536251089854864,83.38840754914052,0,0,25
7.102656108357549,5.315410757097439,0,2,1,1.1795044873273801,26.642768458310954,1,0,7
14.717884306278622,12.699358017546539,0,2,0,1.0671813867735485,39.77484929489865,0,0,4
10.155383198598328,7.994758044061453,0,2,0,0.9684726350914956,37.4933747226605,0,0,20
0.6633243252479871,-0.0665286523859849,0,2,0,0.387150974997207,37.33769766828851,0,0,0
8.045505786549013,5.859752132224628,0,2,0,1.4423484790906864,29.718351145425988,0,0,16
8.282831270406696,6.720511091654404,0,2,0,1.0614971355388922,34.27963769677519,0,0,8
11.717570582959434,10.533749306692373,0,2,0,0.5954240554796147,58.04449701107184,0,0,2
22.423791264065027,20.027074521821397,0,2,0,1.1758829518651652,55.546900957636836,0,0,19
1.8064730659888049,0.43058168471372965,0,2,0,0.8994507720706632,17.363418220645826,0,0,11
-2.863716051558913,-3.663239808571879,0,2,0,0.6485077589088373,25.46412337736273,0,0,17
3.4285718548486233,2.7156114256434685,0,2,0,0.5857909552085423,16.17457097517581,0,0,14
4.894429568785963,3.642210712201627,0,2,0,1.0591107152420252,54.379604590919406,0,0,25
-1.5289114977126421,-2.354797306944737,0,2,0,0.7897301343287648,13.034186895818229,0,0,-2
9.833770937920836,9.234622733771834,0,2,0,0.4167991592916635,45.83835008620995,0,0,20
6.182650480594555,5.932400207067418,0,2,0,-0.15583144308906466,63.1019266321488,0,0,10
14.039161507272972,12.688412864236211,0,2,0,0.8219639821848936,47.2098307989601,0,0,15
5.507698833348037,3.902308303794708,0,2,0,1.1482042825419123,32.46660900739601,0,0,20
1.6638539483855073,0.704583687767424,0,2,0,0.5149129442675784,45.954448867078526,0,0,26
8.811423919322241,7.6106912257203945,0,2,0,0.6461539356866831,40.556337210553814,0,0,6
11.13911341520876,10.776137154228614,0,2,0,-0.05807600875175684,22.767660873687348,0,0,8
23.67541830362712,21.825683999621976,0,1,0,1.0712280711222621,6.807701729137791,0,0,13
9.640170319688325,8.132531013440516,0,2,0,0.8469233525914983,17.72747345056802,0,0,18
8.582601079344608,7.313692050116839,0,2,0,0.6788444301379506,44.41715035543639,0,0,16
1.7397206323540706,0.5537764712339345,0,2,0,0.7690776991499534,67.64705466603796,0,0,15
10.306104276946446,9.369667618598914,0,2,0,0.4657027699493929,38.00995705090599,0,0,13
10.09766574506001,8.623875720965966,0,2,0,0.7163183078960635,7.95167006487179,0,0,15
14.785982680345231,12.943552510779403,0,2,1,0.8288893852682627,51.28022226790679,1,0,11
7.061361251159291,7.480243124711808,0,2,0,-0.19366319856289393,64.38581479721715,0,0,16
4.4330645106659645,3.300975983708382,0,2,0,0.7631475322121349,7.051326992617221,0,0,18
9.335542943012122,7.7588787033198505,0,2,0,1.1697972387870816,40.005430229740696,0,0,15
8.635105291266152,7.1337159931443255,0,2,0,0.8510947572528845,11.586462720770953,0,0,13
8.234654979993502,7.701608405717638,0,2,0,0.4473400884587031,50.00281428548286,0,0,-3
7.299984355002492,5.355911605712067,0,2,0,1.0275851187849112,26.198922006625086,0,0,18
13.233992171654483,11.471478224472095,0,2,0,0.9572268505033313,19.637722510190393,0,0,13
3.1578501201205804,1.013674457272294,0,2,0,1.4034635394582806,32.26786898497753,0,0,17
12.572741560872661,12.03203811371782,0,2,0,-0.07590708117147704,44.481632372954294,0,0,12
7.636260992223119,6.335505829380439,0,2,0,0.9993519701881997,25.31454916320473,0,0,-3
18.603472995996484,16.561247708706883,0,2,0,1.1339388215892754,41.205723942594496,0,0,2
2.88447022234418,1.4152094936832662,0,2,0,1.4259683011958733,30.601891288913944,0,0,12
7.202640148894975,6.327690643183584,0,2,0,0.46124535006297473,34.28903647496708,0,0,2
5.227785354284387,3.105275115614359,0,2,0,1.5773453855261939,18.878157653870645,0,0,10
8.548025026739968,6.5176392885612735,0,2,0,1.6467849498447655,16.67515016091569,0,0,18
7.5629430031962865,5.957889557311206,0,2,0,1.0393358431365978,-1.3619317403086655,0,0,19
14.291942239196448,12.707053336055266,0,2,0,1.0289547854918673,8.362266253092445,0,0,4
11.755057110980342,10.97674663516714,0,2,0,0.3753469154796487,46.650790717586744,0,0,21
19.60537090643287,18.48056508250736,0,2,0,0.5515494053548032,45.91399364760553,0,0,10
13.103346802136917,11.919646004556272,0,2,0,0.7601881184837358,45.94675189890545,0,0,12
18.338676811042443,17.791747020070915,0,2,0,0.2644330652468666,49.466674554097,0,0,0
9.234265169381167,7.636140890112849,0,2,0,1.0551916010226399,17.162020532533486,0,0,3
8.428761646804285,7.69870777624535,0,2,0,0.3828208091113057,21.792708008541418,0,0,0
2.0698840681916213,1.4630261810289893,0,2,0,0.741681630593925,8.454842739405633,0,0,20
11.183019615183143,10.11565898709807,0,2,0,0.06288009344352272,51.77445179001667,0,0,10
9.806920437897316,8.136909547592763,0,2,0,0.8102620854201563,33.91148622482932,0,0,20
3.142267723992616,1.7990899099407978,0,2,0,0.8769709729477924,18.33948712676831,0,0,13
9.093557928843254,7.439746735379502,0,2,0,1.1327516073486197,44.50865625365877,0,0,22
7.714869582796285,5.950977369913496,0,2,0,0.4750789678516894,24.108851542011628,0,0,21
8.814967669115628,8.25618149928235,0,2,0,0.1738766244739018,26.48377173713712,0,0,7
15.354368185137437,13.386644713144848,0,2,0,0.7555402261215153,38.52656969036657,0,0,19
10.915799787551272,9.937220991731536,0,2,0,0.3056040087377849,46.12773930916805,0,0,18
9.160350336918281,7.374898606070905,0,2,0,1.05717396540124,35.62729927598355,0,0,12
21.31754071687928,19.850259378124107,0,2,0,0.6886389603073368,31.267912945707053,0,0,16
6.600907642770778,5.305074982517823,0,2,0,0.7596442803848886,43.57779552127664,0,0,8
7.0775590233376215,6.416157900348597,0,2,0,0.10492356873755931,45.18728609832537,0,0,0
12.693068536444468,10.977186637492801,0,2,0,1.1718590512894844,50.632686305951665,0,0,20
2.9410204981409933,1.0321652136087087,0,2,0,1.3113324504348052,49.95525240359459,0,0,7
11.247822179096548,10.506341144291973,0,2,0,0.39214351273435816,36.080719690939816,0,0,10
7.412900935582454,6.425761456750258,0,2,0,0.5440470304623376,11.232420518270645,0,0,15
7.534632919417653,5.283930111953658,0,2,0,1.5213719271274693,30.63232844542587,0,0,14
4.543402625877757,3.321755658302,0,2,0,0.7839832305692331,23.787589110356024,0,0,5
8.049593346000869,7.611261104447699,0,2,0,0.206998528908736,32.744266046554564,0,0,16
8.75739670553657,7.565536284897377,0,2,0,0.6878078626972,52.61253764529862,0,0,9
13.508076502382172,12.089138453723463,0,2,0,0.9698618282295198,21.373193316723313,0,0,8
15.245655689715877,13.308369663249861,0,2,0,0.9731927252606899,22.971638198138752,0,0,11
-1.123376100902587,-1.3464699813517726,0,2,0,0.3319020269312569,51.91382116985684,0,0,23
11.307437928902363,9.528629385747276,0,2,0,0.6755010230451769,15.054171573534157,0,0,12
8.453216162754563,6.710062754547127,0,2,0,0.9919129269710086,31.301375930327858,0,0,21
14.418518358345763,12.14312940468926,0,2,0,1.5300964848366474,26.891816018624414,0,0,12
-3.4526388289191536,-4.249117009463243,0,2,0,0.9061304280018957,26.583657208437565,0,0,9
3.1514856991063738,2.522286844991617,0,2,0,0.9233710495448292,54.74173964679247,0,0,6
13.555194314196163,12.15989360017249,0,2,0,0.8983940569796117,22.947761631946296,0,0,8
-0.9934181473952034,-1.0860964650493088,0,2,0,0.41154589132386493,62.72775482997402,0,0,2
2.5242775463547855,1.4160687530587324,0,2,0,0.5780725054858318,31.224298460113925,0,0,1
8.44358363895633,5.927287264727338,0,2,0,1.5785264024834078,46.48949646949866,0,0,21
11.118567642408182,9.800702864607294,0,2,0,0.4474704420220129,8.515559034748005,0,0,14
8.899788805378577,7.7063082374338885,0,2,0,0.6132454692979236,49.23410646273358,0,0,5
16.792762370046255,14.676363193955284,0,2,0,1.3219048556569104,26.418681750555898,0,0,22
8.910118243027974,6.391325526420768,0,2,0,1.3903005120025655,30.887685342823293,0,0,16
1.2215698002877544,-0.1318648380569352,0,2,0,1.017159827710294,20.60262411511293,0,0,18
12.710332302741577,10.385958694861868,0,1,0,1.323357793653529,37.235913592398326,0,0,1
5.534282806061738,4.648475668898904,0,2,0,0.6874845660756566,3.905532737699892,0,0,9
-1.367874456644858,-2.129072665368793,0,2,0,0.29823809450204136,4.043759209644337,0,0,10
2.5056447076845703,1.5613937662024693,0,2,0,0.2635968563211962,35.92965568818547,0,0,24
1.8045695189411735,-0.2467748002511019,0,2,0,1.394500056369507,-4.328016862553284,0,0,14
13.631931183269732,12.57952158168179,0,2,0,0.5510714050068724,14.439965474890293,0,0,17
13.173085185392113,12.37381477798354,0,2,0,0.46852767191335654,44.83355007878323,0,0,15
3.478073305144708,3.760766276223134,0,2,0,-0.04070945785311898,53.6578198926346,0,0,8
0.1034637876274257,-0.7171562608595805,0,2,0,0.46133884073892023,47.10381828570557,0,0,15
14.512937351214092,12.993216075861836,0,2,0,0.8103151847285155,18.261714850772144,0,0,10
4.85736953509031,4.448133089659429,0,2,0,0.1967185240278164,47.83120476173708,0,0,9
3.16172618888298,2.1536972841119124,0,2,0,0.6324375866363047,40.47908492161471,0,0,9
12.753799318044159,11.124174495732555,0,2,0,0.8283833441663678,52.63759874246301,0,0,11
13.543937762758363,11.861723197218542,0,1,0,1.1505165456129656,33.7548881882745,0,0,19
7.736302472523391,5.996660586907958,0,1,0,0.8865533918292958,26.726979387962555,0,0,1
8.313250482039406,6.788578880100589,0,2,0,1.1305919908461681,42.2679826339389,0,0,8
5.4103899405538725,4.658777330578692,0,2,0,0.7948331656897206,21.54446048769156,0,0,16
1.0942113651072924,0.7153709839661565,0,2,0,0.3832909632176774,52.62057455612851,0,0,-3
8.372077877634998,7.400651130576425,0,2,0,0.8364450736801504,58.46884194407371,0,0,19
2.774944645877586,2.5885290032701875,0,2,0,0.37856237861666325,26.603097534745782,0,0,20
3.59238268935401,2.881565883005404,0,2,0,0.4720230569988956,22.397265399265475,0,0,5
0.40939198599073046,-0.4687763392907367,0,2,0,0.4954642202292375,43.70142065581581,0,0,13
5.92303944981902,5.423781130349593,0,2,0,0.5014448333207963,34.48221843630474,0,0,6
9.00413472390323,8.030365826173243,0,2,0,0.8347506844391303,32.56999359986924,0,0,11
8.883693661785477,7.846481683967005,0,2,0,0.5008967931501788,39.76161785643045,0,0,12
14.05513327955097,12.565598257941046,0,2,0,0.8006927880541235,38.35354242050453,0,0,1
8.777443909598075,7.884865003699263,0,2,1,0.614095311293441,45.39360655745293,1,0,17
-0.8322699031393377,-1.767790486543566,0,2,0,0.6513594900833405,4.947138854663029,0,0,15
11.728330434585665,9.79351118789538,0,2,0,1.0822599465677871,55.38580151625782,0,0,11
-1.7191413633400972,-3.05595727375137,0,2,0,1.0300113687836743,22.929176388846304,0,0,20
7.744814491887487,6.814700339820991,0,2,0,0.5313659477513449,2.3973832074473984,0,0,6
5.520704551208012,4.729848822424502,0,2,1,0.6084345073647364,29.84438563039462,1,0,3
11.12432244777312,9.600828555432082,0,2,0,1.028490454855498,22.579961888959595,0,0,21
13.227684645073046,10.704902248035584,0,1,0,1.3270942349405532,49.92539235190824,0,0,29
12.76135544041705,11.814970695938987,0,2,0,0.7338298374737029,52.917085027723715,0,0,22
12.35269407339305,10.948730771780589,0,2,0,0.8217671840292884,13.205021354021678,0,0,1
6.015217237281878,4.186317640183422,0,2,0,1.4319285186834327,7.212194861470475,0,0,15
12.671201348195297,11.320204098954202,0,2,0,0.5076079838437563,0.9156014317442354,0,0,1
13.203710339949358,10.972056063206958,0,1,0,1.3763054179078347,59.77528671600496,0,0,20
3.0443039602415034,2.8547058072739424,0,2,0,0.41964987822342953,101.55593580849246,0,0,17
8.902830065888313,8.269588985354158,0,2,0,0.3325217209469057,14.788298522362577,0,0,23
1.847029882134718,1.2937012222576878,0,2,0,0.16691628167270328,36.99684315190675,0,0,9
13.565206682497905,12.017298799976365,0,2,1,1.1156488537459548,24.937492634331065,1,0,10
5.622257574106954,4.543906034058668,0,2,0,0.15989240358566653,40.88747340002244,0,0,1
11.366357419840202,11.16235996636057,0,2,0,-0.05902473395108301,41.852653716486934,0,0,5
9.79769152150585,8.876298709200213,0,2,0,0.46808410880464535,20.920074915386202,0,0,12
13.203559610679978,12.078502308614587,0,2,0,0.660362331825458,21.93929881480229,0,0,4
3.5799183111515673,3.357748793762187,0,2,0,0.4957523671957457,27.271727231933404,0,0,4
5.979321572940275,4.587304221096029,0,2,0,0.5250796120977811,42.505255551868345,0,0,12
8.68522769572959,7.926317887517612,0,2,0,0.27309170543532285,52.634510491214506,0,0,20
11.95659817409294,10.255998256782322,0,2,0,0.97164940037553,40.28744752636701,0,0,25
-2.1380355742724158,-2.2411067523251496,0,2,0,0.2625394439922775,52.82544354314826,0,0,12
5.638056536619386,5.205404104406833,0,2,0,0.2718813952393973,7.358819146630805,0,0,16
8.745152092356298,6.581369132799864,0,2,0,1.4494909537656475,33.454483764180175,0,0,17
14.659651855826915,12.02363165127186,0,2,0,1.420071342546785,20.510468324217044,0,0,5
10.242061812967552,8.670102489567507,0,2,0,0.8498450183259878,31.32051092688465,0,0,10
1.357806805859327,-0.2684323466397878,0,2,0,0.6819208803728826,52.34525391660602,0,0,12
11.53650569254818,10.40629150172206,0,2,0,0.729423381478747,40.975676608010566,0,0,13
5.500018250396455,4.553562527019041,0,2,0,0.6231636399001267,27.894047514301498,0,0,22
16.482298700951308,15.24400478613586,0,2,0,0.7814312566892907,40.125223110685894,0,0,15
10.060382953459436,8.907167505929129,0,2,0,0.5744651856616114,16.105981935255734,0,0,13
10.686454092517485,9.654503588571076,0,2,0,0.5860054604789142,25.454010554493586,0,0,4
-2.915413840321152,-3.609126807827067,0,2,0,0.1677843341927807,3.4539761318454127,0,0,20
9.60156194746417,8.286966258925077,0,2,0,1.2245954062302133,33.37639112610602,0,0,10
10.68600805708678,9.826799941542165,0,2,0,0.4209365527041684,67.14656453685555,0,0,15
19.037356755768347,16.7775369910829,0,2,0,0.9075838917820456,17.650615861283903,0,0,-1
9.859775649784886,8.246337866884428,0,2,0,0.9123901407049315,20.39719515059569,0,0,10
-0.26462866669067725,-1.027542623630421,0,2,0,0.5606890290502187,14.547857271005714,0,0,8
11.292008077559291,10.111822526809865,0,2,0,0.4425847528660808,-5.017123600120854,0,0,8
-0.7997717293961959,-1.6471379420620753,0,2,0,0.5328414865745853,64.55699267626423,0,0,19
3.1292957010197493,2.407208633692817,0,2,0,0.562215748472758,42.248242068675566,0,0,16
9.32741324806292,8.306231858103018,0,2,0,0.7607531734428096,21.456203505573622,0,0,-2
4.878842225590857,3.4576141560681406,0,2,0,1.290353308955522,18.864550397317135,0,0,26
2.976648364757902,1.8380252963274173,0,2,0,0.5371054064493789,8.70803103618622,0,0,10
8.643276464302268,7.111018384778673,0,2,0,0.7615349427185886,48.945035179882765,0,0,8
6.37886297235305,4.656714977047178,0,2,0,1.110530394843904,40.92093916118228,0,0,10
1.7394493095783838,1.3440886622873456,0,1,0,0.44122072221017095,63.32917544677486,0,0,9
-0.6837561671968349,-1.8895986086634085,0,2,0,0.9699765663333454,36.61600392379749,0,0,18
10.959277949145259,8.870025127799343,0,2,0,1.355789661766741,1.4015541210238596,0,0,22
5.805351013639993,3.62493840766749,0,2,0,1.5762100439828355,-1.2898683559314144,0,0,17
3.6895660367238796,2.638070343663659,0,2,0,0.49632094915156794,43.827305078127715,0,0,18
12.446388749703642,11.155203461634429,0,2,0,0.7081641648822629,10.663353952470631,0,0,12
4.367648959129809,3.354038845603306,0,2,0,0.6566837600263876,63.560361566736134,0,0,18
10.5826182272463,8.331230095768348,0,2,0,1.5753392897816691,17.09505226873992,0,0,7
4.518809801467928,3.4190046244229815,0,2,0,0.7588798127452429,5.841709937418576,0,0,13
5.168092719817611,3.3442642466663677,0,2,0,1.282194989427866,31.938764110438385,0,0,20
10.52670467199302,8.881848389169704,0,2,0,1.057826810721249,8.834063204554498,0,0,22
13.647577252213313,12.212242055503525,0,2,0,0.5009021382866905,23.978900936369683,0,0,11
7.197197880048328,6.624660014172331,0,2,0,0.37705032317712783,59.15077705124989,0,0,20
18.210935380095258,15.416763401714467,0,2,0,1.9448169129859172,19.745982267217837,0,0,28
9.69452063474065,9.100350594473214,0,2,0,0.30160862585655673,40.67387593254662,0,0,29
9.291290646334692,8.249859129796437,0,2,0,0.6517294775996174,0.09503298848529923,0,0,6
1.061917737739724,0.5946439888522896,0,2,0,0.4146151522290768,50.22289021842768,0,0,19
6.88426022374196,5.845482105020746,0,2,0,0.7190744342997893,49.61100790842488,0,0,5
9.806479679981653,8.383018255116767,0,2,0,0.9124022984398212,42.4019207377036,0,0,11
4.708603742198888,3.4537755990396253,0,2,0,0.7370922035732232,41.86906579501247,0,0,22
1.6024524920713608,0.7528780710206745,0,2,0,0.18851249854328334,36.60605679165862,0,0,19
10.614241669906148,8.948602962955013,0,2,0,1.0087190323956559,43.77696304094284,0,0,10
13.821386514019064,12.24027314493388,0,2,0,0.7295151255156876,35.16939224234907,0,0,17
16.23486087533178,15.298871949011836,0,2,0,0.35774345508728117,40.27544669942399,0,0,17
7.028839422667626,5.946974737247535,0,2,0,0.5430535250805385,37.645709077332725,0,0,14
2.86934465852938,2.8774629027067906,0,2,0,0.12745156355229748,4.943494734288577,0,0,2
4.112754966534434,3.5249881360123183,0,2,0,0.17201200338792846,27.925068875487877,0,0,27
13.416197061024453,12.165132435096796,0,2,0,0.7277865291072455,1.2665441187925333,0,0,17
8.467168169639843,7.38954814531013,0,2,0,0.8114749361468124,12.220809249061524,0,0,27
9.987320791064008,8.390037830629169,0,2,0,0.9403420627597071,2.0499829343526828,0,0,0
5.361480726418828,4.1032494974484415,0,2,0,0.9998649785130926,35.22421775064754,0,0,20
9.065184465767476,8.029092880278142,0,2,0,0.4261129418189139,23.38636647230514,0,0,10
8.51409901718943,7.190234317322549,0,2,0,0.7537192717682766,51.69886341665365,0,0,5
11.589473836080723,10.499995142603312,0,2,0,0.37545958070338475,37.75642719407404,0,0,13
5.633152291438979,4.851978651282369,0,2,0,0.390926459896367,25.880041964739217,0,0,-3
6.8100489667041035,5.936393270402661,0,2,0,0.23751606165786926,58.45918135897645,0,0,9
6.471202290665211,4.920049129332279,0,2,0,0.8108049425712308,57.645190748724495,0,0,23
9.720383379146309,8.235948626458082,0,2,0,1.4686042530129866,33.18339487718964,0,0,8
-2.7561579454333516,-3.5926569527123324,0,2,0,0.7727490853690778,45.94255642931641,0,0,7
17.588659983576832,15.47379438384008,0,2,0,1.143542392811976,26.840852743892956,0,0,26
10.441088086128095,8.838769351871836,0,2,0,1.3029559329236984,19.04929265051065,0,0,10
1.1303248813317242,1.2821806174552983,0,2,0,0.3409909580918529,48.98533985402126,0,0,20
15.077686870669032,14.149087233093564,0,2,0,0.2600106779872104,27.721178110037552,0,0,29
0.4289777008498738,-0.5737985182039259,0,2,0,0.635244563683497,27.37842132673387,0,0,15
5.383621172524654,4.381622979785192,0,1,0,0.9480085499067288,31.264832799771142,0,0,21
2.7237490422021304,2.3762648743245007,0,2,0,0.7080302869274394,37.685051338364055,0,0,19
7.945531919157799,6.522706778270501,0,2,0,0.9912006759474459,45.78916518377967,0,0,17
11.016870138227814,8.761946199074725,0,2,0,1.4987962565506954,8.280834003085038,0,0,17
5.769087651039058,4.414165507613178,0,2,0,1.0899803920101172,23.93643300637367,0,0,-1
8.904404574633613,7.342936955829867,0,2,0,0.8556984141444693,12.86553968940405,0,0,17
8.10538442232881,7.097457843241993,0,2,0,0.5619109004693983,31.670024665670685,0,0,12
15.474655896035786,13.632538209973978,0,2,0,1.3524302350403035,17.844956569339477,0,0,11
8.019225676942096,6.585733330730312,0,2,1,1.250076225096706,28.38867933109922,1,0,16
-3.832360149323805,-4.331776123674833,0,2,0,0.7019216694521001,-3.747325011607873,0,0,5
-3.02741573189125,-3.5859614177334893,0,2,0,0.5506792973643245,20.58026696996761,0,0,20
4.785337213429022,4.155218016296503,0,2,0,0.4714520175856952,28.285637166101235,0,0,12
6.7235342668143865,4.9121860838847695,0,2,1,1.4898761947087602,40.86503362330431,1,0,15
10.814996558607037,9.098340576210228,0,2,0,1.0647512385872684,36.532895149445174,0,0,10
-0.3963180729054205,-0.492223179067371,0,2,0,-0.037334643247617934,22.974637377656833,0,0,11
9.125712401992226,7.5733621564276605,0,2,0,0.46822349882222225,34.34387702414643,0,0,9
11.318904700705703,8.882680746680457,0,2,0,1.2093260901779173,35.59769892513754,0,0,11
8.93868343530422,7.583999680940616,0,2,0,1.188786704139459,23.654184210801326,0,0,4
17.240146320355265,16.255549984132724,0,2,0,0.3993117130155998,21.098971941097062,0,0,14
8.017993418726324,6.260091050006975,0,2,0,1.3241074781303963,40.34546023407129,0,0,15
13.21885538969859,12.274925653775894,0,2,0,0.3416864379371389,22.612118667579328,0,0,9
-1.6138302981461456,-3.133274079138461,0,2,0,0.8479495200219486,17.77233263313144,0,0,11
1.7811474039317297,1.4325102108807164,0,2,0,0.2523726048512472,48.67817285262247,0,0,12
10.332675963187434,8.959809308386728,0,2,0,0.7241959698461125,46.7211562969861,0,0,7
3.5689554209538437,2.041104189818711,0,2,0,1.122340070695637,49.02746994002684,0,0,10
11.61109181622797,10.220226040107192,0,2,0,0.8178852697062959,31.26235171705208,0,0,13
4.578311099077078,3.967415891465837,0,2,0,0.29190030409633083,36.00227943969462,0,0,13
-4.616320095331391,-5.19593978773215,0,2,0,0.7755824679287514,54.61671748695391,0,0,13
4.816400951350581,3.4591668533231714,0,2,0,0.8112273830669707,21.389845586435097,0,0,7
12.812155189629506,12.058161912835923,0,2,0,0.33636392586566793,20.793004745906405,0,0,16
7.134660777040037,5.9203297284406355,0,2,0,0.9956789391516543,24.84810453911356,0,0,18
9.249167627370896,7.125136911177836,0,2,0,1.3396650297768096,53.55800476873283,0,0,10
15.017043700837982,12.998170030256773,0,2,0,1.2774623247917816,23.18599682029083,0,0,14
11.030669582736364,9.27825684560183,0,2,0,0.8861398270205498,46.68697617184121,0,0,19
17.516145183423415,15.626323345354844,0,2,0,1.271068465510869,8.943422040071587,0,0,12
4.680816450983829,4.024862529127033,0,2,0,0.3601870594663537,17.96324403844043,0,0,5
2.3005948258166176,0.8048157393112224,0,2,0,0.6852303740728481,25.691760384545134,0,0,14
10.370451940361008,9.386981387028754,0,2,0,0.5247157935701605,8.374088825635699,0,0,14
10.868494432644654,10.106476787728768,0,2,0,0.24393771100744424,7.717952310981091,0,0,8
11.789466544720149,9.98582050269699,0,2,0,1.4066839773170454,24.1911177787049,0,0,15
3.022952373074448,2.5016823952668865,0,2,0,0.7798966565791154,17.439910258245835,0,0,18
5.159020414824025,3.265375248236013,0,2,0,1.3829405820100698,8.40403540369726,0,0,7
9.035005418840901,7.546898117664654,0,2,0,0.8287753668473496,31.435150280150406,0,0,19
-0.029573044434976666,0.07311169974680805,0,2,0,0.18808171036490512,22.3657644375768,0,0,6
5.678080095538628,4.690968463089505,0,2,0,0.8828624938901449,58.92918948470599,0,0,20
0.16645284750414238,-0.7066797510010631,0,1,0,0.5275314079661072,40.374400884115104,0,0,10
10.661969295030223,9.151956173389964,0,2,0,0.9124212916474691,0.8177548190457178,0,0,0
7.139760915608728,6.033430156551671,0,2,0,0.49856374405650117,26.318117019179677,0,0,15
18.442949381543293,16.59610352897049,0,2,0,1.2482818793114336,18.796131135499724,0,0,12
7.371120700748876,6.557045477953299,0,2,0,0.6145432078513748,10.966883314983276,0,0,11
5.560871271858585,3.9434621662141236,0,2,0,0.8867615676156535,61.772601216169356,0,0,7
4.149260724295963,2.9519441548887806,0,2,0,1.220093057292742,3.142530099059001,0,0,14
11.225373682235654,10.31582242739405,0,2,0,0.6013966761570084,3.1966517718090524,0,0,18
11.623838522675847,10.6999700072047,0,2,0,0.6725234527049238,21.97842797512413,0,0,13
11.328312430689449,9.369891415867176,0,2,0,1.3534470110902628,40.583214020482245,0,0,12
0.41697253125626244,-1.4125285564058687,0,2,0,1.4362396264109092,15.281533870576737,0,0,13
8.532635062219612,6.976774597446173,0,2,0,0.8470181169029539,32.68792061943253,0,0,12
12.914484383800568,12.104066797221538,0,1,0,0.4857309182289578,58.559993478912794,0,0,19
1.3749490230015893,0.8553305113760921,0,2,0,0.46118267878676755,33.056625258346415,0,0,12
8.831451735637597,7.091567696337005,0,2,0,0.5858021704469033,25.38823894076855,0,0,18
-0.8468333483407778,-1.5335385808614874,0,2,0,0.644510181120781,52.9467693484117,0,0,19
12.249556936635784,10.409290009881277,0,2,0,0.926805538473319,17.958082119196888,0,0,19
7.408963170138371,5.722151689589908,0,2,0,0.8445499094330441,17.47321877209165,0,0,15
13.894559435587377,12.444551909728863,0,2,0,1.0524957088139038,29.20626543271645,0,0,15
-2.4620275464381653,-4.642760064356709,0,2,0,1.4602596606596498,5.827026970764908,0,0,9
16.231051283406607,14.618774454814217,0,2,0,1.1836650592858597,26.97901482838959,0,0,18
5.437186216871791,4.458104957963706,0,2,0,0.5785962318843033,54.27587736916299,0,0,7
4.751909947787093,3.709850099534879,0,2,0,1.0195284646408542,23.874329335683143,0,0,13
12.213531840644816,10.374617054988994,0,2,0,0.968329542992878,11.97736998307359,0,0,24
5.762804905873068,4.242280521938984,0,2,0,1.0029537915490865,33.918210254657254,0,0,18
14.397031103287837,12.777709921603986,0,2,0,0.9298579549637593,37.470023912436794,0,0,20
-2.3947677288664324,-3.2464183483898417,0,2,0,0.6188559006039336,82.38177914371761,0,0,18
-8.419392598062467,-9.490798773912704,0,2,0,0.9256321393512337,23.337267537060562,0,0,21
2.891268228122178,1.9988182318556966,0,2,0,0.7809040130859047,7.322416071625383,0,0,7
12.166119865117349,11.11374529717323,0,2,0,0.8468558807470727,14.729225530713848,0,0,19
18.18738140665907,16.14588120419641,0,2,0,1.0298675697196886,23.911601485566823,0,0,3
11.169511649051811,10.052729635728838,0,2,0,0.4740428623645436,38.32720692445635,0,0,15
18.62632133142437,17.15330298954014,0,2,0,0.7193524979390505,58.18080762396339,0,1,16
