column_1,column_2,column_3,column_4,column_5,column_6,column_7,column_8,column_9,column_10,column_11,column_12,column_13,column_14,column_15,column_16,column_17,column_18,column_19,column_20,column_21,column_22,column_23,column_24,column_25,column_26,column_27,column_28,column_29,column_30,column_31,column_32,column_33,column_34,column_35,column_36,column_37,column_38,column_39,column_40,column_41,column_42,column_43,column_44,column_45,column_46,column_47,column_48,column_49,column_50
1,2,39,1,13,2,2,0,0,0,0,0,0,0,0,0,1,0,0,0,0,0,0,0,0,0,0,0,0,0,0,0,0,0,0,0,0,0,1,0,0,1,0,-5.469597783697421,-6.861856298817688,55.64619371841843,30.06555339878372,26.25324495958835,-0.005008636738115246,-0.37614614275321934
0,1,67,1,-2,2,2,0,1,0,0,0,1,0,0,1,1,1,0,0,0,0,0,0,0,0,0,0,0,0,0,0,0,0,0,0,0,0,1,0,0,0,0,-3.5625304940913267,-8.515621451115297,50.161715398976014,40.64873793848043,11.714914561468511,0.6719307285607076,0.6114422885450086
1,1,46,2,-3,2,2,0,1,0,1,1,1,0,0,0,0,1,0,0,0,0,0,0,0,0,0,0,0,0,0,0,0,0,0,0,0,0,0,0,0,0,0,0.09588205303711694,21.78979915114929,0.21580967608104729,28.352377328454757,15.112690401278547,-0.252900268741599,-1.453595444931759
1,1,47,2,-6,2,2,0,1,0,1,0,1,0,1,1,1,0,0,1,0,1,0,0,0,0,0,0,0,0,0,0,0,0,0,0,0,0,0,1,0,0,0,-2.628575085959766,39.55445001942031,-111.2033294866607,32.47436455963402,11.76183129618004,-0.07976722431965211,-0.2938443960765298
1,1,64,1,19,2,2,1,1,0,0,0,0,0,0,0,1,1,0,0,1,1,1,1,0,0,0,0,0,0,0,0,0,0,0,0,0,0,0,0,0,0,0,-2.9765990157142665,1.397662893053898,190.3867456838186,28.8590432555628,9.830677059406147,-0.22077870368440522,1.8049245299411956
0,1,81,1,-3,2,1,0,1,0,1,1,0,0,0,0,1,1,0,0,1,0,0,0,0,0,0,0,0,0,0,0,0,0,0,0,0,0,0,0,0,0,0,-0.9006386104854418,21.154607574233353,1.825023435404642,30.800622985871147,20.98282458687875,-0.36386379385489276,0.8994527180530572
1,2,79,1,14,2,2,0,1,0,1,1,1,0,0,0,0,1,0,0,0,0,0,0,0,0,0,0,0,0,0,0,0,0,0,0,0,0,0,1,1,0,0,3.6363183974995437,19.921062756609302,17.075137237365,39.3742027541253,17.02569233843709,-0.31128507541780215,19.44720334010337
0,1,73,2,9,2,2,0,1,0,0,1,0,0,0,0,0,0,0,0,0,0,0,0,0,0,0,0,0,0,0,0,0,0,0,0,0,0,0,1,0,1,0,1.0174663264598571,34.291614561536356,22.283592565491666,28.895252474099713,7.97901244089867,0.08818779270513366,7.518115326596401
1,1,55,1,0,2,2,0,1,1,0,1,1,0,0,0,1,0,0,0,1,1,1,0,0,1,0,0,0,0,0,0,0,0,0,0,0,0,0,1,0,0,0,1.7535044000329851,54.00703492804292,0.869411195431649,24.038084146312055,4.336803334741334,0.21154344452937224,-1.8367868820009576
1,1,32,1,6,2,2,0,1,0,0,0,0,0,0,0,0,1,0,0,0,0,0,0,0,0,0,0,1,0,0,0,0,0,0,0,0,0,0,0,0,0,0,0.256992551545269,-13.254200976621636,26.14314875689105,33.96291986241256,6.540029498569311,-0.055898985842922855,0.17298260335524773
1,1,27,2,-6,2,2,0,0,1,0,1,1,0,0,0,1,1,0,0,1,1,0,0,0,0,0,0,0,0,0,0,0,0,0,0,0,0,0,0,0,0,0,-2.063902823307348,14.721682990276905,-2.520934045705932,33.41306174975065,5.942031313958876,-0.23592542527160043,-1.4721330465732487
1,2,81,2,33,2,2,0,1,0,0,0,0,0,0,0,1,1,0,0,0,0,1,0,0,0,0,0,0,0,0,0,0,0,0,0,0,0,0,1,0,0,0,-0.4024477291970021,12.039661210355435,23.224365559988083,29.332570505041446,1.7782084704015295,0.017056579171697672,11.548162880875404
1,1,78,1,-3,2,2,0,1,0,0,0,1,1,0,0,0,0,0,0,0,0,0,0,0,0,0,0,0,0,0,0,0,0,0,0,0,0,0,1,0,0,0,-4.954953219057254,-10.00142614332918,29.966284809342948,45.59580218444525,8.023276004266785,0.6132204772601295,-0.5327322382042592
1,1,73,1,20,2,2,0,0,0,0,0,1,0,0,0,0,0,0,0,0,0,0,0,1,0,0,0,0,0,0,0,0,0,0,0,0,0,1,0,0,0,0,-2.9403078649805776,-16.469250700395367,31.294170962279182,32.343925198933015,2.937541637705282,0.20415868638026402,4.610693883539569
1,1,60,2,23,2,2,0,1,1,1,0,1,0,0,0,1,0,0,0,0,1,0,0,0,0,0,0,0,0,0,0,0,0,0,0,0,0,1,1,0,0,0,-5.247809637170687,-3.754519029475013,43.263369922084834,33.10968176035403,11.278156612889996,0.38048750394965447,0.6271941314344547
0,1,73,2,33,2,2,0,0,1,1,1,1,0,0,0,0,0,0,0,0,0,1,0,0,0,0,0,0,0,0,0,0,0,0,0,0,0,1,0,0,0,1,-2.3773039453200955,-9.91673811246903,2.042155104700651,31.225712178958634,3.1119605217711652,-0.3079336011962015,1.5868608742982238
1,1,65,1,-5,2,1,1,0,0,0,0,1,0,0,0,0,1,0,0,0,0,0,0,0,0,0,0,0,0,0,0,1,0,0,0,0,0,0,1,1,0,0,-1.195736110638363,39.485405146015644,17.940578836391367,34.468077114066176,43.204716641537686,-0.0856503718619267,-0.5112107303177851
0,2,45,2,-4,2,2,0,1,0,0,0,0,0,0,1,1,0,0,0,1,1,0,0,0,0,0,1,0,0,0,0,0,0,0,0,0,0,0,1,0,0,0,4.202889706988891,38.71084851384752,28.971431463643647,30.895020637975,7.249947644825669,0.34275730135711135,-0.7480261603236906
0,1,57,1,10,2,2,1,0,0,1,0,0,0,0,0,0,0,0,0,1,1,0,0,0,0,0,0,0,0,0,0,0,0,0,0,0,0,0,1,0,0,0,-3.901477136958788,6.71291403496415,10.020389955658828,33.65002067583547,12.890833534981244,0.7751765544212805,-1.341741186430852
1,2,50,2,7,2,2,0,0,0,1,0,1,0,0,0,1,0,0,0,1,0,0,0,0,0,0,0,0,0,0,0,0,0,0,0,0,0,1,1,0,0,0,-1.8219793046826265,14.177982758276903,55.394471660456546,30.54906222288177,21.794082649129766,0.10094372189054307,-1.6387193629758618
1,1,71,1,9,2,2,1,0,0,1,1,1,0,1,0,1,0,0,0,0,0,0,0,0,0,0,0,0,0,0,0,1,0,0,0,0,0,0,1,1,0,0,-0.15370073751368685,-11.430757767587924,28.355473885453822,32.614475970039514,19.072234579585402,0.10905049818910101,-0.6115892783001167
1,2,71,1,-1,2,2,1,1,0,0,1,0,0,0,0,0,1,0,0,0,0,0,0,0,0,0,0,0,0,0,0,0,0,0,0,0,0,0,1,0,0,0,-1.0973258914935597,16.64146463163979,23.045421909027148,37.041456176177455,11.554908001838132,1.1468089870305078,6.139826215837049
0,1,33,1,-2,2,2,1,1,0,0,0,1,0,0,0,0,0,0,0,0,0,0,0,0,0,0,0,0,0,0,0,0,0,0,0,0,0,0,0,0,0,0,-2.568452132310405,-5.327778242604527,-35.28953049385285,37.83232986154617,9.616708816983204,-0.34693230451649537,4.582937662365715
1,1,82,2,2,2,2,0,1,0,0,1,1,0,0,0,0,1,0,0,1,0,0,0,0,0,0,0,0,0,0,0,0,0,0,0,0,0,0,0,0,0,0,-1.2146934572108314,21.111970832607714,60.948977411569956,28.858386562000838,17.221957720518667,0.5201053950579734,4.282769249594938
0,2,66,1,3,2,2,1,1,1,0,1,0,0,0,0,1,0,0,0,0,0,0,0,0,0,0,0,0,0,0,0,0,0,0,0,0,0,1,0,1,0,0,1.2400326437566986,218.7658267579666,18.606133161194315,32.033728461964344,9.325032880351108,0.006264643933274527,2.734950699226559
1,1,24,2,12,1,2,0,0,1,0,0,1,0,0,0,0,1,0,0,0,1,0,0,0,0,0,0,0,0,0,0,0,0,0,0,0,0,0,0,1,0,0,4.028039550050741,-9.081293168706996,18.184473249350713,32.7428418170271,12.208651748546615,0.11004099157617031,-2.769504930901233
0,1,47,2,39,1,2,0,1,0,1,1,0,0,1,0,1,1,0,0,0,0,0,0,1,0,0,0,0,0,0,0,0,0,0,0,0,0,0,1,0,0,0,-3.0212674921256157,-6.7893747986409245,15.026976187135686,33.77862015483311,21.096664270436783,-0.29753461336154596,1.8525354838268018
1,2,42,1,-2,2,2,1,0,0,1,1,0,0,0,0,1,0,0,0,0,1,1,0,0,0,0,0,0,0,0,0,0,0,0,0,0,0,1,1,0,0,0,-0.05513204110108749,-180.65292040791155,22.096035183537833,32.630712983766315,6.561341364210126,0.07142599068719868,0.4302184805902707
1,1,74,1,-5,2,2,0,0,0,1,0,1,0,0,0,0,1,0,0,1,0,0,0,0,0,0,0,0,0,0,0,0,0,0,0,0,0,0,1,0,0,0,-3.5530454070467457,-12.629305879323741,7.269104619959137,34.1725340722725,9.309835436600963,0.48180566057233376,1.6819481223134995
0,2,77,2,16,2,2,1,1,0,1,1,0,0,0,0,0,1,0,0,0,0,0,0,0,0,0,0,0,0,0,0,0,0,0,0,0,0,0,0,0,0,0,2.1403590416431078,10.928842650710358,47.110155635321945,29.145265632478196,12.633396164791233,-0.16617090371033605,0.9124894499173504
0,1,81,2,0,2,2,1,1,0,0,0,1,0,0,0,1,0,0,0,0,0,0,0,0,0,0,0,0,0,0,0,0,0,0,0,0,0,0,1,0,0,0,-3.1280157885761097,5.560608910023152,45.4132102508213,33.402402688105916,19.984808834304655,0.8280536355763031,1.0134332321096071
1,1,74,2,7,2,2,0,0,0,0,0,0,0,0,0,1,1,0,0,1,1,0,0,0,0,0,0,0,0,0,0,0,0,0,0,0,0,0,0,0,0,0,-4.381300163076203,31.76065163225391,53.00650523990123,32.501381205763465,12.822264509772815,0.9631727320663785,3.240264064388665
1,2,40,1,-1,2,1,0,0,1,0,1,0,0,0,0,0,1,0,0,1,0,1,0,0,0,1,0,0,0,0,0,0,0,0,0,0,0,1,0,0,0,0,-4.1172704297141784,11.378275947442713,14.433750239988761,20.244457977482412,13.184042230608462,0.07612567245998075,5.190428073445505
0,1,70,1,4,2,2,0,1,0,0,1,1,0,1,1,0,0,0,0,1,0,1,0,0,0,0,0,0,0,0,0,0,0,0,0,0,0,0,1,0,0,0,-2.2999141969250725,-8.779400615498762,16.94776265093452,39.79371869031894,12.457919980232067,0.19825269625883774,-2.2989555070783485
1,1,50,2,19,2,1,1,0,0,0,1,1,0,0,0,0,0,0,0,0,1,0,0,0,0,0,0,0,0,0,0,0,0,0,0,0,0,0,0,0,0,0,-3.7763257575302323,-2.025708115750387,6.573821656215248,27.92134278371157,20.556547619531557,-0.174749695761942,5.73806572462564
0,2,33,2,1,2,2,0,1,0,1,1,1,0,0,0,1,1,0,0,1,0,0,0,0,0,0,1,0,0,0,0,0,0,0,0,0,0,1,0,0,0,1,-3.0770924618610493,18.359781218565264,16.830764139067696,42.69188703411041,19.087961677431526,-0.13081747147852119,-0.5230118607952203
0,2,30,2,3,2,2,1,1,1,0,0,1,0,0,0,1,1,0,0,1,0,0,0,0,0,0,0,0,0,0,0,0,0,0,0,0,0,1,1,0,1,0,-4.061105817969599,10.943819716025331,36.589174878961956,20.947709833644826,24.10011561834054,-0.10809207751004624,9.821087154215382
1,1,65,1,-5,2,2,1,1,1,0,1,1,0,0,0,0,1,0,0,1,0,1,0,0,0,0,0,0,0,0,0,0,0,0,0,0,0,1,1,0,0,0,-4.033317587703875,-10.905450919519165,18.785858990510192,34.35720206502636,26.694479818552225,0.3579170994650309,-2.4664420281775588
1,1,61,1,13,2,2,0,0,0,1,1,1,0,0,0,0,1,0,0,0,0,1,0,0,0,0,0,0,0,0,0,0,0,0,0,0,0,0,1,0,0,0,-3.7373163219905416,29.206122306202563,45.33759880814674,43.14273354226209,10.779051981227816,0.0679038301090939,-2.086956963360586
1,1,77,1,20,2,2,1,1,1,1,1,1,0,1,0,0,1,0,0,1,0,0,0,0,0,0,0,0,0,0,0,0,0,0,0,0,0,0,0,0,0,0,-2.7891085855360904,-14.704375649738925,35.74028016208715,34.87099649741873,10.821531289843229,0.4990191745929925,-0.7546519943538383
1,2,81,2,-3,2,2,1,1,0,0,0,0,0,0,0,0,1,0,0,0,0,0,0,0,0,0,0,0,0,0,0,0,0,0,0,0,0,1,0,0,0,0,-5.427911800644847,-19.56724499893664,24.798060541599195,34.06645212792833,12.077376306140863,0.6328950519287634,-1.4790941020122972
1,2,64,1,12,1,2,1,1,0,0,1,1,0,0,0,0,0,0,0,0,1,1,0,0,0,0,0,0,0,0,0,0,0,0,0,0,0,1,1,1,1,1,-0.1882386347531535,-1.6639234795866784,13.77728833151667,30.586816680801924,13.655755225598636,1.7943530740830393,5.572422026575768
1,1,32,2,12,2,2,1,1,0,1,1,0,0,0,0,0,1,0,0,0,0,0,0,0,0,0,0,0,0,0,0,0,1,0,0,0,0,0,0,0,0,0,-0.8612334364830094,35.16751537778369,17.841711752835625,35.91228305863643,24.617337266855664,0.04798240401325232,1.0224960967849492
1,2,37,2,-5,2,2,0,1,1,0,0,1,0,0,0,1,1,0,0,0,1,0,0,0,0,0,0,0,0,0,0,0,0,0,0,0,0,1,1,0,0,0,-0.47700010748180155,4.278553783649702,26.894615376950537,39.673857083398694,25.768973343233796,0.0911926651895828,-1.481794348237715
0,1,67,1,-5,2,2,0,1,1,0,1,1,0,1,0,1,0,0,1,1,0,0,0,0,0,0,0,0,0,0,0,0,0,0,0,0,0,1,1,0,0,0,-4.867829108591773,-2.685456673532819,26.72277890071308,34.44710326199741,24.56986409124868,-0.01732794240757185,1.411036850801814
1,1,71,2,4,2,2,1,1,0,0,1,1,0,0,0,0,0,0,0,1,1,0,0,0,0,0,0,0,0,0,0,0,0,0,0,0,0,1,0,0,0,0,-1.0163335254626347,6.121940797454716,50.77416951743962,24.154169122022516,6.77868524326389,0.5502230520722554,-3.8843587060265037
1,1,38,1,16,2,2,0,0,0,1,1,1,0,0,0,1,0,0,0,0,0,0,0,1,0,0,0,0,0,0,0,0,0,0,0,0,0,0,0,0,0,0,-5.546185716571417,-0.3355876170414369,0.20824970410421528,33.75981869966539,9.251279716250343,-0.2118644834946063,8.360191949568032
1,1,44,1,-3,2,2,1,1,1,1,1,1,0,0,0,1,0,0,0,0,0,0,0,0,0,0,0,0,0,0,0,0,0,0,0,0,0,0,1,0,0,0,-4.932953070652007,-9.513693407271251,-3.8820754785423226,39.10950915857059,10.145117681214874,0.30920493768845414,0.9018184723087859
1,1,45,2,4,2,2,1,1,1,1,1,0,0,0,0,1,0,0,0,1,0,0,0,0,0,0,0,0,0,0,0,0,0,0,0,0,0,1,1,0,0,0,0.0682280809218514,-6.082541982233941,19.56744598996066,32.29750259236991,26.5340146946659,0.031530077661052536,2.9778904897461747
1,1,57,1,2,2,2,0,1,1,0,1,1,0,1,0,0,0,0,0,1,0,0,0,0,0,0,0,0,0,0,0,0,0,0,0,0,0,1,1,0,0,0,3.6154742572404186,4.022490322281591,-318.6429733379021,30.365784926615166,21.453270359898944,0.496666846479986,-0.9835276564042452
1,2,62,2,1,2,2,1,1,0,1,1,1,0,0,0,0,1,0,0,0,0,1,0,0,0,0,0,0,0,0,0,0,0,0,0,0,0,0,1,0,0,0,-4.208600051100116,5.765737676315222,29.83557660286079,36.616141240402975,9.515126524573972,0.17900785084476,10.25255770769519
1,2,29,2,9,2,2,1,0,1,0,0,1,1,0,0,0,0,0,0,0,0,0,0,0,0,0,0,0,0,0,0,0,0,0,0,0,0,1,1,0,1,0,-4.178021548770533,-8.109928896761105,17.942253258165355,27.42681158299604,9.34099793321731,0.8097955144405464,-1.2291848420711142
1,1,55,2,11,1,2,1,1,0,0,1,1,0,0,0,1,1,0,0,0,1,0,0,0,0,0,0,0,0,0,0,0,0,0,1,0,0,1,0,0,0,0,-5.174248998236155,-1.6129887845106374,59.59267884155401,36.5634786324795,23.956103749472653,0.11994329855112756,-1.370760770729655
1,2,37,1,11,2,2,0,1,0,0,1,1,0,0,0,0,0,0,0,1,1,0,0,1,0,0,0,0,0,0,0,0,0,0,0,0,0,0,1,0,0,0,-2.768234578223174,12.907691955599416,32.01549505968035,21.33692037044423,11.002754814985028,0.14720990733966755,3.2418004532736786
1,2,44,1,6,2,2,0,1,1,0,1,0,0,0,0,1,1,0,0,0,0,0,0,0,0,0,0,0,0,0,0,0,0,0,0,0,0,1,0,0,1,0,-1.4553675374185948,-11.158145248992223,10.441505403635041,32.10608780759382,19.869654971838013,0.037749093680395474,1.9424130065130765
1,2,70,1,2,2,2,0,0,0,0,1,0,0,0,0,1,0,0,0,1,1,0,0,0,0,0,0,0,0,0,0,0,0,0,0,0,0,0,0,0,0,0,41.9687834916613,19.18020831420327,4.8203494212294515,32.83192950262024,4.6321341835589624,0.3038257444447868,4.768826359351464
0,2,44,1,-5,1,2,1,1,1,1,1,1,0,0,0,0,0,0,0,0,1,0,0,0,0,0,0,0,0,0,0,0,0,0,0,0,0,0,1,0,0,0,-4.298973926764716,25.114030521624024,40.843915775380665,36.806996998370956,12.047500614730883,-0.245319504750662,-3.170352230351069
1,2,64,2,2,2,2,1,1,0,1,0,1,0,1,0,0,1,0,0,0,0,0,0,1,0,0,0,0,0,0,0,0,0,0,0,0,0,1,0,0,0,0,-2.250063212314423,0.24586603651003003,14.439340763718011,47.291944105349955,8.864437785555978,0.5063972519757283,0.42939360667165083
1,1,70,2,10,2,2,1,1,1,0,1,1,0,0,0,0,0,0,0,0,0,0,0,0,0,0,0,0,0,0,0,0,0,0,0,0,0,1,0,0,0,0,-0.9877026996601299,1.150393688329011,18.124716386087247,34.85244691927152,13.218285744104136,-0.11447858742904793,-1.4282966319566395
0,2,47,1,-2,2,2,1,0,0,1,1,1,0,0,0,0,1,0,0,1,0,0,0,0,0,1,0,0,0,0,0,0,0,0,0,0,0,0,0,0,0,0,-2.205427857699907,11.379256083052038,27.928482737772363,39.76913248486354,10.995607156462906,1.7341107205239634,-1.6744783678888524
0,1,32,1,17,2,2,0,0,1,0,0,1,0,0,0,0,1,0,0,0,1,1,0,0,0,0,0,0,0,0,0,0,0,0,0,0,0,1,1,0,0,0,-4.7610088248834215,-14.099894876232486,37.4368849310344,29.682054244245595,12.565991514265392,0.23315844146046016,4.5075408849336265
1,2,26,2,1,2,2,0,1,0,0,0,0,0,0,0,0,1,0,0,1,0,0,0,0,0,0,0,0,0,0,0,0,0,0,0,0,0,0,1,0,0,0,1.5082415150477702,-10.551696115114932,-4.430186472314066,44.13698671065894,13.221905833133192,0.026790842616914112,-1.4778389846507594
1,1,77,2,8,1,2,1,1,1,1,0,0,0,0,0,0,0,0,0,0,1,0,0,0,0,0,0,0,0,0,0,0,0,0,0,0,0,0,0,1,0,0,-3.075478109312507,-4.007030004831332,37.03455348648305,33.476511694033135,6.955856530714089,0.06609145034107922,1.3566223502774255
1,2,70,1,13,2,2,1,1,0,0,1,1,0,0,0,0,1,0,0,0,0,0,0,0,0,0,0,0,0,0,0,0,0,0,0,0,0,1,0,0,0,0,-2.103913379515484,6.321955871358661,62.437528978518436,32.587907179819645,18.445254392740647,0.2889736781515413,5.902670892256622
1,2,77,2,6,2,2,1,1,1,1,1,0,0,1,0,0,1,0,0,0,0,0,0,0,0,0,0,0,0,0,0,0,0,0,0,0,0,0,0,0,0,0,45.868053733125805,27.62642143153061,18.4994306173652,32.97262208636096,13.360568521367055,0.445833049959316,0.20978261276366617
1,1,73,2,-5,2,2,1,1,0,1,1,0,0,0,0,1,0,0,0,1,1,0,0,0,0,0,0,0,0,0,0,0,0,0,0,0,0,0,0,1,0,0,-4.7411077942844155,-16.7481269191849,10.206782862259924,49.65550142318945,12.98051814525053,1.3069739813234509,25.99414839567575
1,1,45,2,6,2,2,0,0,1,1,1,1,0,0,0,1,1,0,0,0,0,0,0,0,0,0,0,0,0,0,0,0,0,0,0,0,0,1,1,0,0,0,-2.057992592855081,4.871426623736216,44.45092116447456,44.6158922531999,6.811321393321939,-0.06253962633528154,2.5057710545644625
0,1,59,1,8,2,2,0,1,0,0,0,1,0,0,0,0,0,0,0,0,1,0,0,0,0,0,0,0,0,0,0,0,0,0,0,0,0,0,1,0,0,0,2.249489809999919,-8.503757361208752,48.72813291832923,36.27277022881754,9.883670862719846,0.11949420794077031,5.066380931428692
1,2,70,2,3,2,2,0,1,0,1,0,0,0,0,0,1,0,0,1,0,1,0,0,0,0,0,0,1,0,0,0,0,0,0,0,0,0,0,1,1,0,0,0.211346024849974,4.267412324673831,-1.3999089936581761,34.085523843587374,1.3573632016344321,-0.018827736616545132,5.143283220735648
0,2,77,1,1,2,1,0,1,1,1,1,1,0,0,0,1,1,0,0,1,0,1,0,0,0,0,0,0,0,0,0,0,0,0,0,0,0,0,0,0,0,0,3.5203128460173683,-9.028654358898923,1.3401926894927385,34.27875584836358,12.687470550323038,-0.20327798551268417,1.1113337448661507
0,1,36,2,17,2,2,0,1,0,1,0,1,0,0,0,1,0,0,0,1,0,0,0,0,0,0,0,0,0,0,0,0,0,0,0,0,1,0,1,0,0,0,2.205675416453732,-5.824487241230379,56.823900324660514,34.095660280286495,23.024687726664567,0.9417352022818599,-2.254952064776468
0,1,63,2,14,2,2,0,1,0,0,1,1,0,0,0,1,0,0,0,1,0,1,0,0,0,0,0,0,0,0,0,0,0,0,0,0,0,1,0,0,0,0,0.32521818799623703,10.545671644298071,53.0506172335207,37.78520463934531,17.813896447933253,-0.24994097133073445,0.6859323342822488
0,1,86,2,11,2,2,0,1,0,0,1,1,0,0,0,0,1,0,0,0,1,0,0,1,0,0,0,0,0,0,0,0,0,0,0,0,0,0,1,0,0,0,-8.191611072764902,-7.4978362310259925,51.163674800024076,44.86799741415485,7.04597020256009,0.19072218594203427,0.3730265927018621
0,1,44,1,10,2,2,1,0,1,1,1,0,0,0,0,0,0,0,0,1,0,1,0,0,0,0,0,0,0,0,0,0,0,0,0,0,0,1,1,1,0,0,-0.9719749197343754,-15.846121734663097,19.02951634025455,33.883882702178255,9.947495629794037,-0.2651940897986528,1.8275298923123184
1,1,48,1,-1,2,2,1,1,0,0,1,0,0,1,0,1,0,0,0,1,0,0,0,0,0,0,0,0,0,0,0,0,0,0,0,0,0,0,0,0,0,0,-1.7545301159025093,-6.443941035475685,35.20624251725127,32.361338358016795,17.721140867966852,-0.21144935401999987,8.852625044894516
1,2,72,2,15,2,2,0,1,0,0,1,0,0,0,0,0,1,0,0,0,0,0,0,0,0,0,0,0,0,0,0,0,0,0,0,0,0,0,0,0,0,0,-0.9782836647537427,4.665315025450752,54.67732938421865,45.92051068602792,14.36729420322381,0.6254430875610886,1.2534705854043602
1,1,42,1,27,1,2,1,0,0,0,0,1,0,1,0,1,0,0,0,0,1,0,0,0,0,0,0,0,0,0,0,0,0,0,0,0,0,1,0,0,0,0,-3.6317967867659187,0.47848578658440744,26.704630539315218,31.486740362602053,8.876330965668027,-0.12434636145311928,1.9453928332548611
0,1,66,2,-2,2,2,1,1,0,0,1,1,0,0,0,1,0,0,0,0,1,1,0,0,0,0,0,0,0,0,0,0,0,0,0,0,0,1,1,0,1,0,-1.8071108726475429,23.234879596400948,30.687837014961282,33.2746377233106,10.843328532027103,0.33605578401525454,1.5134674803921957
1,1,45,1,1,2,2,0,1,0,1,0,1,0,0,0,1,0,0,0,0,0,1,0,0,0,0,0,0,0,0,0,0,0,0,0,0,0,0,1,0,0,0,-1.73708813939903,-17.614618029125108,41.29047383752357,40.16605121293341,15.325277998940958,0.12674504802945458,4.922557901179587
1,2,80,2,1,2,2,0,1,0,1,0,1,0,1,1,0,0,0,0,0,1,1,0,1,0,0,0,0,0,0,0,0,0,0,0,0,0,0,1,0,0,1,-5.316561680444736,-12.920081241012728,23.21567693264979,30.46805698478637,11.301047869995994,0.26209866822896355,-5.114375101178508
0,2,49,1,12,2,2,0,1,1,1,1,1,0,0,0,0,0,0,0,0,1,0,0,0,0,0,0,0,0,0,0,0,0,0,0,0,0,1,0,0,0,0,-3.0056167730277537,-8.409222135726171,56.5409849157508,34.43060068928054,12.025905231746279,-0.2607034038645184,4.14021587270688
1,2,37,2,0,2,2,1,0,1,1,0,0,0,1,0,1,0,0,0,1,1,0,0,0,0,0,0,0,0,0,0,0,0,0,0,0,0,0,0,1,0,0,-1.7506238498863902,0.5827333874859342,9.013539343902039,33.8929251765282,13.300173242105926,-0.2517232429281564,-0.769674091390061
1,2,50,1,1,2,2,1,1,1,1,0,1,0,0,0,1,0,0,0,1,0,1,0,0,0,0,0,0,0,0,0,0,0,0,0,0,0,1,0,1,0,0,-3.8210627750009243,35.439639850862775,61.46113555446222,34.03571874271,16.891140854671534,0.5864459675996425,1.974412608615621
0,1,32,2,-1,2,2,1,0,0,0,0,1,0,0,0,0,0,0,0,1,1,0,0,0,0,0,0,0,0,0,0,0,0,0,0,0,0,1,1,0,0,0,1.3232695380256267,3.0256479172614057,56.10851648435796,32.0679720995654,-2.2370508631022563,-0.022775759929339667,4.576032635327823
1,1,98,2,1,2,2,0,1,0,1,1,0,0,0,0,1,1,0,0,0,1,0,0,0,0,0,0,0,0,0,0,0,0,0,0,0,0,1,0,0,0,0,-1.2456169623028048,12.208914586600565,33.97602250125419,29.95275255419149,21.60347656232667,-0.09910096314416328,-1.0918424150458028
1,1,28,2,5,2,2,1,1,0,1,0,1,0,0,0,1,1,0,0,1,1,0,0,0,0,0,0,0,0,0,0,1,0,0,0,0,0,1,1,0,0,0,-2.9202502238046377,-7.979750170261575,18.042604539211403,35.35200974268113,13.032141149437363,-0.21932619086215788,2.181837425992007
1,1,81,2,-1,1,2,0,1,0,0,1,1,0,0,0,0,1,0,0,1,0,0,0,0,0,0,0,0,0,0,0,0,0,0,0,0,0,0,1,0,0,0,-2.828006211079535,36.2190808974978,36.90796693986063,47.02440235146269,17.67383468485617,-0.16438353550632034,3.2467101527588005
1,1,74,1,-3,2,2,1,0,1,0,1,0,0,0,0,0,1,0,0,0,0,1,0,0,0,0,0,0,0,0,0,0,0,0,0,0,0,1,1,0,0,0,-2.157662397556913,10.523001795232334,31.962334610628403,37.53376985989405,10.26234497746154,0.0570128736661073,-2.1858283179454583
1,2,66,1,25,2,2,0,1,0,1,1,1,0,0,0,0,1,0,0,0,1,1,0,0,0,0,0,0,0,0,0,0,0,0,0,0,0,0,0,0,0,0,0.7334963141268569,13.492774942108658,11.972729272863383,37.9588049021784,21.65908553666302,-0.1705060399368017,2.241866257690666
0,2,75,2,2,2,2,0,1,0,1,0,0,0,0,0,1,0,0,0,1,0,0,0,0,0,0,0,0,0,0,0,0,1,0,0,0,0,0,0,0,0,0,-1.603314179831869,20.974412102909504,-7.310356044258352,21.480179015411416,10.582829712362757,0.11803935258678477,-2.3564596890415173
1,2,27,2,0,2,2,0,0,0,1,1,0,1,1,0,0,0,0,0,0,1,0,0,0,0,0,0,0,0,0,0,0,0,0,0,0,0,0,0,0,0,0,-0.3162048882738526,-23.01832010600358,27.6660983709529,29.08481953650137,20.732805124449534,0.38893484872550554,4.757587838198632
0,2,75,1,-3,2,2,1,0,1,0,1,1,0,0,0,1,0,0,0,0,0,0,0,0,0,0,0,0,0,0,0,0,0,0,0,0,0,0,1,0,0,0,-0.18856339109927134,3.150769575438268,2.9650265701027188,32.78868661071847,3.112147001587436,0.42565561883927805,-2.2287227184465177
1,2,-67,1,0,2,2,0,0,1,0,0,1,0,0,0,0,1,0,0,0,1,1,0,0,0,0,0,0,0,0,0,0,0,0,0,0,0,0,1,0,0,0,-0.8847117168677421,-2.004112775736413,17.720717683760164,32.75796791150647,14.395600968813946,-0.289599535830658,-0.8240833298991204
1,2,68,2,0,2,2,0,1,0,1,0,0,0,0,0,1,0,0,0,0,0,0,0,0,0,0,0,0,0,0,0,0,0,0,0,0,0,0,0,1,1,0,-4.404768009137655,-18.274229071319983,33.68338912871144,45.66589183778166,25.67384344219386,0.34740337187183634,-3.247117210720395
0,1,28,2,2,2,2,1,0,1,0,0,1,0,1,0,0,1,0,0,1,0,0,0,0,0,0,0,0,0,0,0,0,0,0,0,0,0,1,1,0,0,0,-2.48514296360041,0.9820462971312907,55.4840372691869,32.87602442787792,22.262520727661798,0.3263335007076714,0.24532991814091432
0,2,77,1,9,2,2,1,1,0,1,1,1,0,0,0,0,0,0,0,0,1,1,0,0,0,0,0,0,0,0,0,0,0,0,0,0,1,0,0,0,0,0,-5.037377871377863,-0.03746730514667007,40.21025101190143,32.267229145759,11.402286571952846,-0.26898893022523285,-3.7911010165365937
1,1,53,1,31,2,2,0,1,1,0,1,1,0,0,0,0,0,0,0,0,0,0,0,0,0,0,0,0,0,0,0,0,1,0,0,0,0,0,1,0,1,0,-4.6411776101392705,32.07347397828855,28.46974942671114,34.157235733784695,27.218594046872376,-0.21656328458963792,-0.8963315158035421
1,2,31,2,10,2,2,1,0,1,0,0,1,0,0,0,0,1,0,0,0,0,0,0,0,0,0,1,0,0,0,0,0,0,0,0,0,0,0,1,0,0,1,-4.195815420433431,18.432647627567967,82.57853002321718,32.0038281530336,55.571564600407704,-0.182048202533868,-4.514405408458369
1,1,40,1,10,2,2,0,1,0,1,0,0,0,0,0,0,0,0,0,1,0,0,0,0,0,0,0,0,0,0,0,0,0,0,0,0,0,1,0,1,1,0,-3.1262586102446908,-0.8971446525428206,35.54156778357756,32.232601990660946,9.892636970992385,0.1971917823025527,-1.094355744913278
1,1,55,2,8,2,2,0,0,0,0,1,0,0,1,0,0,0,0,0,1,1,0,0,0,0,0,0,0,0,0,0,0,0,0,0,0,0,1,1,0,0,0,-0.42115943839757986,2.495387811656663,32.909634333171496,33.29034377071859,12.516746030188685,0.13495395542588207,1.943176807253514
1,1,38,2,-3,2,2,0,1,0,0,0,1,0,1,1,1,1,0,0,0,0,0,0,0,0,0,0,0,0,0,0,0,0,0,0,0,0,0,0,0,0,0,4.689627338970059,47.903179078236874,38.8836380968369,31.67673955445291,13.60256113060378,0.5270239813111597,-1.707036108001308
0,1,69,1,0,2,2,1,1,0,1,0,0,0,0,0,0,0,0,0,0,0,0,0,0,0,0,0,0,0,0,0,0,0,0,0,0,0,1,1,0,1,0,2.110519653167136,21.03285909252764,5.491166978821788,33.27630569462571,12.014541336899985,0.7551879470149803,1.395298947834041
1,1,50,2,2,2,2,0,1,1,1,0,1,0,0,0,1,1,0,1,0,0,0,0,0,0,0,0,0,0,0,0,0,0,0,0,0,0,0,1,1,0,0,-3.2062801055719086,7.640861130620237,12.142898979779531,35.44139993644338,24.07909821713411,-0.18237344783557163,0.7356990619578507
0,1,83,1,1,2,2,1,1,1,0,0,0,0,0,0,1,0,0,0,1,0,0,0,0,0,0,0,0,0,0,0,0,0,0,0,0,0,0,0,0,0,0,-3.18768863040839,14.119205630134232,52.054946520395475,34.35490481530578,23.57618304758011,0.2290062385154656,4.216343272248272
0,1,40,1,-3,2,2,1,1,0,1,1,1,0,1,0,0,0,0,0,1,1,0,0,1,0,0,0,0,0,0,0,0,0,0,0,0,1,0,1,0,0,0,-4.070364604645064,4.294450315932433,-1.0332659833234423,40.98270977897295,11.835423373460792,0.07062308779060839,3.710285750486415
1,1,85,1,19,2,2,1,1,0,1,0,0,1,0,0,1,0,0,0,1,1,0,0,0,0,0,0,0,0,0,0,0,0,0,0,0,0,0,1,0,0,0,42.2768901359268,-12.758788938733293,19.761115564971227,32.44554541858912,21.706769288646843,-0.14097917170179675,-0.07085363768013231
1,2,94,1,1,2,2,0,1,0,0,1,0,0,1,0,0,1,0,0,1,0,0,0,0,0,0,0,0,0,0,0,0,0,0,0,0,1,1,1,1,0,0,-3.824664052448515,26.559782450771035,39.604057576640216,29.848686785297794,23.121250073253556,-0.1840886227968832,0.7497435982728997
1,1,53,1,-7,2,2,0,1,1,0,0,1,0,0,0,0,1,0,0,1,0,0,0,0,0,0,0,0,0,0,0,0,0,0,0,0,0,0,0,0,0,0,0.5500422499417037,-4.937592593034996,-0.6090843440940468,33.2150357303108,10.405903764392999,-0.10999582759466742,0.8440965559671678
0,1,64,2,-4,2,2,0,0,1,0,0,1,0,0,0,0,0,0,0,0,0,0,0,0,0,0,0,0,0,0,0,0,1,0,0,0,0,1,1,1,0,0,-0.34101014654211814,-6.632954862375382,-162.29902376379601,32.36667591515234,7.827595855783757,-0.030376559339098996,0.28216715232241363
0,2,79,2,-5,2,2,1,1,1,1,0,1,0,0,0,0,0,0,0,0,1,0,0,0,0,0,0,0,0,0,0,0,0,0,0,0,0,0,0,0,0,0,3.065803591707861,-13.889107747970218,27.15875508616064,34.947946607296956,21.546379320586986,-0.20455056486204792,2.5680196012285927
1,1,45,2,14,2,2,0,0,0,0,0,0,0,1,0,0,1,0,0,1,0,0,0,0,0,0,0,0,0,0,0,0,0,0,0,0,0,0,1,0,0,0,-3.7398477462548714,-7.660072267729809,22.833387098853354,35.65821827905316,3.6541784934240766,-0.07995734062902504,7.160084226302084
1,1,98,1,7,2,2,0,1,0,0,0,0,0,0,0,1,1,0,0,0,1,0,0,0,0,0,0,0,0,0,0,0,0,0,0,0,0,0,1,0,0,0,-2.32216189725694,-5.748635260966534,43.183206084155444,32.58123655651255,8.684325373056293,1.0293047233071693,9.627683116240561
1,1,41,1,4,2,2,0,1,0,1,1,1,0,0,0,0,0,0,0,1,0,0,0,0,0,0,0,0,0,0,0,0,0,0,0,0,0,0,0,0,0,0,-2.8913511688844253,10.485784954110732,17.55767941147068,29.65618944275293,11.52071157118969,-0.23959080606886807,4.550695471505811
0,2,85,2,44,2,2,0,1,1,1,1,1,0,0,0,0,1,0,0,1,1,0,0,1,0,0,0,0,0,0,0,0,0,0,0,0,0,1,0,0,1,0,1.9487081883083728,-7.961997177546877,-5.749440658625478,27.792892278767198,7.26412136742841,-0.1293338107589348,-0.18599795679931574
0,1,80,2,2,2,2,1,1,1,0,0,0,0,0,0,0,1,0,0,0,1,0,0,0,0,0,0,0,0,0,0,0,0,0,0,0,0,0,0,0,0,0,-2.8809306303986473,32.66599561434998,21.539391867844273,26.218838175483853,11.180160808163617,0.09036314931222184,-1.3248238841484632
0,1,81,1,5,2,2,1,1,0,1,1,0,0,0,0,0,0,0,0,1,1,0,0,0,0,0,0,0,0,0,0,0,0,0,0,0,0,0,1,0,1,0,-4.905317238942811,13.472825070473197,20.037704512149126,32.72461303504412,47.373596038290884,0.7140774475080915,2.2136400899146307
0,1,50,1,0,2,2,0,1,1,0,0,1,0,1,0,1,1,0,0,1,1,1,0,0,0,1,0,0,0,0,0,0,1,0,0,0,0,1,1,0,0,0,-2.2113124331187883,-4.099410819442248,57.60520501425548,32.86828788007591,12.024918608037497,0.5133215360665255,-1.3996349128208143
0,1,71,1,0,2,2,1,1,1,0,1,1,0,0,0,0,0,0,0,1,0,0,0,0,0,0,0,0,0,0,0,0,0,0,0,0,0,0,0,0,0,0,-3.851119369711043,-7.925776650339021,27.33422452360414,33.987373483516514,25.139809954206463,-0.09935680003066172,6.313208142884187
1,2,35,1,13,2,2,1,1,1,1,1,1,0,0,0,1,1,0,0,1,0,0,0,0,0,0,0,0,0,0,0,0,0,0,0,0,0,0,0,0,0,0,-2.4217589488790225,52.860030894182884,13.402676350031994,33.35748697172645,11.417542887813013,0.00397119394409029,0.9003312354306017
1,1,61,1,15,2,2,0,1,0,0,1,0,0,0,0,0,0,0,0,1,1,0,0,0,0,0,0,0,0,0,0,0,0,0,0,0,0,1,0,0,0,0,-4.537427506396341,7.057816610467665,3.462364354422885,28.21251767585823,-0.48471880984005633,0.1856228415976376,9.810498668332395
1,1,63,1,11,2,2,1,0,0,0,1,0,0,0,0,0,0,0,0,0,1,1,0,0,0,0,0,0,0,0,0,0,0,0,0,0,0,1,0,0,0,0,-3.2231986428121386,9.77176627415808,54.741943438299074,35.08628694471357,2.176100851144626,-0.06182031609044891,-1.0808806803839852
1,2,41,1,-2,2,2,0,1,1,0,1,0,0,0,0,1,1,0,0,0,0,0,0,0,0,0,0,0,0,0,0,0,0,0,0,0,0,0,1,0,0,0,-5.272225570734557,-18.211182219002996,0.47702728809378314,29.695665806630853,0.44197372462690065,-0.07304451566942571,-2.8393529223876213
0,1,92,2,-2,2,2,0,1,1,0,0,0,0,0,0,0,1,0,0,0,1,0,0,0,0,0,0,0,0,0,0,0,0,0,0,0,0,1,1,0,0,0,4.329086816211108,-12.065953052031961,41.72340988262069,39.611020572330844,26.792090480642095,1.3013079360582966,7.112728960306383
1,1,50,1,4,2,2,1,1,1,0,1,1,0,0,0,1,1,0,0,1,0,0,0,0,0,0,0,0,0,0,0,0,0,0,0,0,1,1,0,0,0,0,-5.565515444038918,8.315182296107194,36.62563311735471,30.949407963197004,26.95690970916298,0.0759811862665517,-0.8877092274406566
1,2,66,1,-6,2,2,0,0,1,1,1,1,0,0,0,0,0,0,0,1,0,0,0,0,0,0,0,0,0,0,0,0,0,0,0,0,0,1,1,0,0,0,-2.0176705385923346,-11.330163767100803,16.435414336452226,37.77413164488061,39.2776316885885,-0.11080038176203977,12.2468479879538
0,1,60,2,9,1,2,0,1,1,0,1,0,0,0,0,0,1,0,0,1,0,0,1,0,0,0,0,0,0,0,0,0,0,0,0,0,0,0,1,0,0,0,-0.7699547422528961,29.652602388282617,23.184772746722437,32.2810491852992,24.808556447922815,0.15157922487132153,-1.2577838953880134
1,2,34,2,2,1,2,0,0,0,0,1,1,0,0,0,0,0,0,0,1,0,0,0,0,0,0,0,0,0,0,0,0,0,0,0,0,0,0,0,0,0,0,-1.9161464876342604,4.625907372272547,37.28544907955532,47.600613121814035,12.402242132790708,-0.32833477649658693,2.1678459407548
1,1,68,2,147,2,2,1,1,0,0,1,0,0,1,0,0,0,0,0,1,1,0,0,0,0,0,0,0,0,0,0,0,0,0,0,0,0,0,1,0,1,0,-3.5149216445252662,3.1890919340284327,31.808998020157745,37.18148828149793,11.95096263106983,0.011278947832395803,18.201367625863877
1,1,61,1,3,1,2,1,1,0,1,0,1,0,0,0,0,1,0,0,0,0,1,0,0,0,0,0,0,0,0,0,0,0,0,0,0,0,0,0,0,0,0,-1.451502625784649,3.192643071848188,19.99421513510528,22.653859498107185,9.7321206998642,0.41748549179566874,1.9657400898047368
0,2,76,2,23,2,2,1,0,0,0,1,1,0,0,0,1,0,0,0,0,1,0,0,0,0,0,0,0,0,0,0,0,0,0,0,0,0,1,1,0,0,0,0.8500763038239081,60.30700148762003,44.46995525656578,40.26581549162687,11.804912101394317,1.4260928259450172,-1.8181713068595826
0,1,62,1,1,2,2,1,1,0,1,1,0,0,0,0,0,1,0,0,0,0,1,0,0,0,0,0,0,0,0,0,0,0,0,0,0,0,0,1,0,0,0,-3.574626267966069,-12.384549704551784,11.681610434679012,46.706144992654984,6.478529447077037,0.2743435566285093,2.8113406121279905
1,1,71,2,26,2,2,0,0,1,0,0,1,0,0,0,0,0,0,0,1,1,0,0,0,0,0,0,0,0,0,0,0,1,0,0,0,0,0,1,0,0,0,2.673892794707346,125.41908642235452,15.559886479155246,47.50603760129657,12.019860111574564,0.21176520604601667,-1.3206702405932127
1,2,68,1,7,2,2,0,1,0,0,1,0,0,0,0,1,0,0,0,1,1,0,0,0,0,0,0,0,0,0,0,0,1,0,0,0,0,0,0,0,0,0,-0.6076257732505477,-19.116452724633167,23.777257545686243,32.82047573560261,2.8300126620812893,0.3785348900104746,6.303411628815388
1,1,64,1,10,2,2,0,1,0,1,1,1,0,1,0,1,0,0,0,0,1,0,0,0,0,0,0,0,0,0,0,0,0,0,0,0,0,0,0,0,0,0,-0.39254364184970747,15.772725411481503,17.774145480201536,31.951585981090354,23.06579910314884,0.47904276334057194,-3.152566731047309
1,1,74,2,-1,2,2,0,1,1,1,1,0,0,0,0,1,0,0,0,1,0,0,0,0,0,0,0,0,0,0,0,0,0,0,0,0,0,1,0,0,0,0,-1.0615302275240586,18.672131023291687,32.241069175283705,33.80269448646675,11.845030390378472,1.0595915806143814,-2.3146950733697187
1,2,79,2,8,2,2,0,0,0,1,1,0,0,0,0,1,1,0,0,1,0,1,0,0,0,0,0,1,0,0,0,0,0,0,0,0,0,0,1,0,0,0,-1.9155512525686271,-5.9461076446927805,27.543222286972195,33.34032800877028,17.89843770012104,-0.0890604111539306,3.835206450219099
1,1,49,1,7,2,1,1,1,0,1,1,0,0,0,1,1,1,0,0,0,1,0,0,0,0,0,0,0,0,0,0,0,1,0,0,0,0,0,0,0,0,0,-3.0895244315464234,27.885558433690132,30.360397194077997,33.59933644264201,11.126343335981431,0.8641830942961171,4.45513266087327
1,1,58,2,2,2,2,1,0,1,0,1,1,0,0,0,0,0,0,0,1,1,0,0,0,0,0,0,0,0,0,0,0,0,0,0,0,0,0,0,0,0,0,-2.53482623321669,6.437275472491372,54.97268930937004,32.46575216764717,10.499407377768513,0.7388374272494852,0.7346315686110421
0,1,13,2,1,2,2,1,0,1,1,1,1,0,0,0,1,0,0,0,0,1,0,0,0,0,0,0,0,0,0,0,0,0,0,0,0,0,1,0,0,0,0,-4.551570705099608,21.413143956841356,2.8733247873472116,34.05212559198444,13.76282955550807,-0.04949365143700568,-0.4357408581871782
1,1,68,1,7,2,2,0,0,0,0,1,1,0,0,0,0,1,0,0,1,0,0,0,0,0,0,0,0,0,0,0,0,0,0,0,0,0,0,0,0,1,0,-5.476012307865634,-4.869196114723785,43.3808308374754,35.111365873146994,23.57006345853702,0.32894290953536787,2.2906071097770675
0,1,67,2,2,2,2,0,0,1,0,0,0,0,0,0,1,0,0,0,0,1,0,0,0,0,0,0,0,0,0,0,0,0,0,0,0,0,0,1,0,0,0,-1.9628602828639305,19.65381132364012,0.4012947087214549,28.600100339385932,18.966485280366797,-0.09342103199279916,-2.3174734174637983
1,1,96,2,16,2,2,1,0,0,0,0,1,0,0,0,1,1,0,0,1,0,0,0,0,0,0,0,0,0,0,0,0,0,0,0,0,0,1,1,0,0,0,-0.3457752818102253,-8.442384963399025,6.860544404561267,40.41625918505741,6.823237523853373,-0.05805719675505738,7.384519838331343
0,2,70,1,6,2,2,0,1,0,0,0,1,0,0,0,0,1,0,0,0,1,0,0,0,0,0,0,0,0,0,0,0,0,0,0,0,0,0,1,0,0,0,1.3112560900042847,-9.563794919669764,12.37603371863229,32.42904302982733,10.498234767120211,0.7191153095370367,9.563253952810111
1,2,73,2,10,2,2,0,1,0,1,0,1,0,0,0,0,0,0,0,1,1,0,0,0,0,0,0,0,0,0,0,0,0,0,0,0,0,1,0,0,0,0,-0.8724286038126448,38.105410523996355,9.365360846837756,32.864104757252356,13.530864005668796,0.9096988597383406,3.8123347045785074
0,2,22,2,16,2,2,0,1,1,0,1,0,0,0,0,0,1,0,0,0,0,1,0,0,0,0,0,0,0,0,0,0,0,1,0,0,0,0,1,0,0,0,2.150866500913639,-0.44929143687529205,39.252188684525194,32.56775593880863,21.898794986444965,-0.03803630911577727,2.4347951795637988
1,1,94,1,13,2,2,0,1,1,0,1,0,0,0,0,1,1,0,0,1,0,0,0,0,0,0,0,0,0,0,0,0,0,0,0,0,0,1,1,0,0,0,-5.260556742564659,17.78016919533338,11.860591859448927,20.678878971887144,11.534412150712491,-0.008009105833812202,-9.978552104619261
1,1,31,2,20,2,2,0,1,1,0,1,1,0,0,0,0,1,0,0,0,1,1,0,0,0,0,1,0,0,0,0,0,0,0,0,0,0,1,1,0,1,0,1.3268792395140308,-7.375601051995709,-1.4362552131691224,34.54555483285491,20.765624590239057,0.22256209924617038,-2.1676392983135564
1,2,21,2,-6,1,2,1,1,1,0,0,1,0,0,0,1,0,0,0,0,0,0,0,0,0,0,0,0,0,0,0,0,0,0,0,0,0,1,0,0,0,0,-0.7395025048077726,-10.730024171946528,26.547389895431813,44.132224451532814,4.872769471362368,-0.26617076142387375,-1.0913815492482861
1,1,77,1,29,2,2,0,1,0,1,1,1,0,0,0,1,1,0,0,0,0,0,0,0,0,0,0,0,0,0,0,1,0,0,0,0,0,0,0,0,0,0,2.7099329473158993,-11.224700096983856,35.188032284959384,29.589502538028437,9.519675751388027,1.1687440374895002,5.328032151994714
0,1,82,2,2,2,2,1,0,0,1,1,0,0,0,0,1,0,0,0,1,0,0,0,0,0,0,0,0,0,0,0,0,1,0,0,0,0,0,0,0,1,0,-1.9873931957218187,12.369198441237943,2.034160082647965,33.59132174795948,14.002052741090388,0.014638238069031417,-0.8540729903581488
1,1,68,2,0,2,2,1,1,1,1,1,1,0,0,0,0,1,0,0,1,1,0,0,0,0,0,0,0,0,0,0,0,0,0,0,0,0,0,0,0,0,0,-0.5687855843490108,-6.0646299028591315,58.275060651935036,29.929738187692024,18.857604280509257,0.1856017053316274,-1.1388173826240608
0,1,33,2,-3,2,2,1,1,0,1,1,1,0,0,0,0,0,0,0,0,1,0,0,1,0,0,0,0,0,0,0,0,0,0,0,0,1,0,1,0,0,0,-1.1997549524726208,-10.626143279278477,-7.739708787682783,30.229508889080744,3.895759719637148,-0.23553974345927375,2.2685261311792235
1,1,23,2,-2,2,2,0,1,1,0,1,0,0,0,0,0,1,0,0,1,0,0,0,0,0,0,0,0,0,0,0,0,0,0,0,0,0,1,0,0,0,0,-4.83283602596519,-12.863031146866678,0.1944713816419572,47.18065060052706,8.6610851168025,0.756416656843206,7.13363614312384
1,2,33,2,-3,2,2,0,1,0,1,0,0,0,0,0,1,0,0,0,0,0,0,0,0,0,0,0,0,0,0,0,0,0,0,0,0,0,0,1,0,0,0,2.137007422132341,31.882039472590304,21.84591525609481,43.58344920329342,12.70955187665255,-0.2241825231897967,2.589044940208454
1,1,37,2,13,2,2,1,1,1,1,1,1,0,0,1,0,0,0,0,0,0,1,0,0,0,0,0,1,0,0,0,0,0,0,0,0,0,1,1,1,0,0,-4.165885186335509,0.8026963107372858,26.758521390552897,41.580071362253406,17.81027654260257,-0.03697184492731076,-2.4035245892454107
1,1,26,1,2,2,1,0,1,0,0,0,0,0,0,0,0,1,0,0,0,0,0,0,0,0,0,0,0,0,0,0,0,0,0,0,0,0,1,0,0,0,0,-0.0385753068410053,-0.6581452577596067,35.37985810732812,43.225487859146696,8.22494604611564,0.3605051459619555,16.79527275819323
1,2,73,2,4,2,2,0,0,1,1,0,0,0,0,0,0,1,0,0,1,0,1,0,1,0,0,0,1,0,0,0,0,0,0,0,0,0,0,0,0,0,0,-0.07399107528815763,33.665984699579475,-7.962701910096602,27.889302356002457,9.315189126645397,0.2223797714306528,17.907763452899985
0,2,43,2,0,2,2,1,1,0,1,0,1,0,0,0,1,1,0,0,1,0,0,0,0,0,0,0,0,0,0,0,0,0,0,0,0,0,0,0,0,0,0,0.1430904734813459,8.954637867381303,29.778871032990498,37.85359911980844,5.870719490751985,-0.06089055724761128,-1.021746152108859
0,1,82,1,0,2,2,0,1,0,1,0,1,0,0,0,1,0,0,0,1,1,0,0,0,0,0,0,0,0,0,0,0,0,0,0,0,0,0,0,0,0,0,-1.318831832653055,9.884050447779254,25.21070391036619,33.053293167629256,10.05202907301539,0.6683981099343165,8.900233893526586
0,1,59,2,-1,2,2,1,0,0,0,0,0,0,0,0,1,1,0,0,0,1,0,0,0,0,0,0,0,0,0,0,0,0,0,0,0,0,0,0,0,0,0,-2.272871302815833,13.93121642918101,42.884864633184804,34.56162910259001,26.088185413254095,-0.17284622088911783,-1.280782729299025
0,2,22,1,18,2,2,0,0,0,0,0,1,0,0,0,1,1,0,0,1,1,0,0,0,0,0,1,0,0,0,0,0,0,0,0,0,0,0,0,0,0,0,-2.3900989145823237,-4.099451265203292,25.378135016131182,17.350482008732424,9.758062819666469,0.9030031498873823,1.6644143696874067
1,2,82,1,17,2,2,0,1,0,1,0,0,0,0,0,0,0,0,0,0,0,1,0,0,0,0,1,1,0,0,0,0,0,0,0,0,0,1,0,0,0,0,1.1911272577273169,-4.67789845051708,31.797582514574533,29.768571611521256,13.687986344140846,0.006592395815554708,6.345963992100294
1,1,50,1,-3,2,2,0,0,1,1,0,1,0,1,0,1,0,0,0,1,1,1,0,0,0,0,0,0,0,0,0,0,0,0,0,0,0,0,0,0,0,0,3.394830440075953,43.232873345566574,19.746407876553512,29.659788882199862,23.066420712611006,0.2652702364988602,1.9324378298128035
1,1,90,1,2,2,2,1,0,0,0,0,1,0,0,0,1,1,0,0,0,1,0,0,0,0,0,0,0,0,0,0,0,0,0,0,0,0,0,0,0,0,0,-4.631619770014941,14.750037491057522,13.297688606876125,29.74047779079046,13.364916013934758,-0.26768882969616836,-0.8875666746617252
1,1,63,2,2,2,2,0,0,0,1,1,0,0,1,0,0,1,0,1,1,0,1,0,0,0,0,0,0,0,0,0,1,0,0,0,0,0,1,1,0,0,0,-1.8222304942632346,11.695328920082655,17.948188956355985,30.048886739313186,4.225787932459515,-0.12195449572532513,2.7013370959741074
1,2,75,1,27,2,2,0,1,1,1,1,1,0,1,0,1,1,0,0,1,1,0,0,0,0,0,0,0,0,0,0,0,0,0,0,0,0,0,0,0,0,0,2.0154542568638076,32.16265418500876,8.122704129869835,29.649844410830084,11.99006883630134,-0.312134929446962,-0.28448805445530034
0,1,32,2,-6,2,2,1,1,1,0,0,1,0,0,0,0,1,0,0,0,1,1,0,0,0,0,0,0,0,0,0,0,0,0,0,0,0,1,1,0,0,0,-4.732292035573529,-6.718387095238761,10.207474513727828,34.03342362022745,8.97845657092127,0.7533872970125097,1.586581269938205
1,1,75,1,9,2,2,0,0,0,1,1,1,0,0,0,0,1,0,0,1,1,0,0,0,1,0,0,0,0,0,0,0,0,0,0,0,0,0,0,0,0,0,-3.038241551453023,6.172967169589125,9.545364769540445,35.20626817249277,7.21131339131554,-0.059062050068292016,0.5098490369395936
1,1,47,1,-28,2,2,1,0,1,0,0,1,0,1,0,1,0,0,0,0,0,0,0,0,0,0,0,0,0,0,0,0,0,0,0,0,0,0,0,0,1,0,-4.321478751796855,23.40662866569206,28.17449602532926,32.9938355562163,8.873234078166039,0.5141320726503353,4.962353327205505
1,1,36,1,-6,2,2,0,1,0,0,0,1,0,0,0,0,1,0,0,0,0,1,0,0,0,0,0,0,0,0,0,0,0,0,1,0,0,0,1,0,0,0,1.9222862800258882,2.393534599809005,18.39775524649346,25.466767768693288,9.113080450198193,1.869673184910022,-0.5095305775205388
1,1,72,1,18,2,2,1,1,1,1,0,1,0,0,0,1,0,0,0,1,1,0,0,0,0,0,0,0,0,0,0,0,0,0,0,0,0,0,0,0,0,0,2.601048007786452,13.453434024436177,9.12570686957286,28.66005937371123,22.474124346875723,0.719556845583566,8.255240767081851
1,1,95,2,-2,2,2,0,1,0,1,1,0,0,0,0,0,0,0,0,0,0,0,0,0,0,0,0,0,0,0,0,0,0,0,0,0,0,0,0,0,0,0,-1.825560670761023,-3.1160395492341237,25.294541902491588,35.22226660948243,20.132828996150433,0.5921534923975914,-0.7903160207983992
1,1,75,2,76,2,2,1,0,0,0,0,0,0,0,0,0,0,0,0,0,1,1,0,0,0,0,0,0,0,0,0,0,1,0,0,0,0,0,0,0,0,0,-1.9978614066203804,12.36015611726031,9.207183673000639,25.930251637499683,23.788807544434334,0.6844016071273662,6.215854151528969
0,2,41,2,-3,2,2,0,1,0,0,0,0,0,0,0,0,0,0,0,1,0,0,0,0,0,0,1,0,0,0,0,0,0,0,0,0,0,1,1,0,0,0,1.4168395234930289,3.4725021226311235,19.478611109052324,48.736870474942656,17.792493497478983,-0.010803496335909824,4.994937400404589
1,2,67,2,6,2,2,0,1,0,1,1,1,0,0,0,1,1,0,0,1,1,0,0,0,0,0,0,0,0,0,0,0,0,0,0,1,0,0,0,0,0,0,0.1878320380195223,30.17510230053485,25.365517261386252,27.54775755104012,14.837173597302924,-0.12679616681952832,4.224244205256604
0,1,33,2,-7,2,2,0,1,1,0,1,0,0,0,0,1,1,0,0,1,0,0,0,0,0,1,0,0,0,0,0,0,0,0,0,0,0,0,0,0,0,0,-0.41043065660023226,-7.367741092432624,41.33598606716563,32.29162979386268,15.030256424090176,0.8284375219940258,-1.66266057599592
1,1,74,2,3,2,2,0,1,0,1,1,1,0,0,0,0,0,0,1,1,1,0,0,0,0,0,0,0,0,0,0,0,0,0,0,0,0,1,0,0,0,0,-2.031628408397714,34.397169908711675,13.5156643254211,35.3201767402295,6.094845075952541,0.21169252675981132,-2.778146116802654
1,1,80,2,5,2,2,1,0,1,0,1,1,1,0,0,0,1,0,0,0,1,1,0,0,0,0,0,0,0,0,0,0,0,0,0,0,0,1,1,0,0,0,-4.4850449060658875,42.81721765207496,25.99390508887804,33.71328219106037,4.45038223934853,-0.0023819052627547244,-2.0342567865338177
1,2,44,1,7,2,2,0,1,0,1,1,1,0,0,0,0,1,0,0,1,1,1,0,0,0,0,0,0,0,0,0,0,0,0,0,0,0,0,1,0,0,0,-2.3155888479570628,7.60023201545847,3.4396219163257946,36.21383356743972,6.69801070223772,-0.041439743324652945,2.1660017986529674
0,1,64,2,25,2,2,1,1,0,1,0,1,0,0,0,1,0,0,0,0,0,0,0,0,0,0,0,0,0,0,0,0,0,0,0,0,0,0,1,1,1,0,0.8985692229685927,19.473781848460558,22.76719891897452,30.471578183616334,9.27890491558585,0.6399342059834843,2.5315638806594274
0,1,57,1,6,2,2,1,1,0,0,1,1,0,0,0,0,1,0,0,1,0,0,0,0,0,0,0,0,0,0,0,0,0,0,0,0,0,0,0,0,1,0,-2.0839507002541637,55.93805846868827,4.274545534058024,32.67467468724379,23.24811138699094,0.42787995239626353,-0.389480567963699
1,1,54,2,0,2,2,0,1,0,1,0,1,0,0,0,1,0,0,0,1,0,0,0,0,1,0,0,0,0,0,0,0,1,0,0,0,0,0,0,0,0,0,-3.091983102731004,12.299248845702602,20.498534561361318,39.08235064930829,11.189898493207876,0.25619749431398486,0.27453505995078764
1,2,51,1,12,2,2,0,0,1,0,0,1,0,1,0,0,0,0,0,0,0,0,0,0,0,0,0,0,0,1,0,0,0,0,0,0,0,0,0,0,0,0,-3.7536513029489935,-4.655863599899746,6.089509323267986,25.784272719776013,12.851481797071632,-0.3092962848879055,-1.7826426577185037
1,1,73,2,-1,2,2,0,0,0,0,0,0,0,0,0,0,1,0,0,0,0,1,0,0,0,0,0,0,0,0,0,0,0,0,0,0,0,1,1,0,0,0,1.3242706108302036,19.37824390515207,39.39650026537585,28.967400558859314,16.990632429411015,0.1879938187500388,1.3060520475258617
0,1,70,1,0,2,2,0,0,0,1,1,1,0,0,0,0,0,0,0,1,0,0,0,0,0,0,0,0,0,0,0,0,0,0,0,0,0,0,1,0,0,0,0.8501850983964543,3.2557425036545347,33.32584276797925,31.419964333675836,8.337397419374884,0.10773573358167521,0.4870780197933886
0,1,95,2,7,2,2,1,1,1,1,1,0,1,0,0,1,1,0,0,1,0,0,0,0,0,0,0,0,0,0,0,0,0,0,0,0,0,0,1,0,0,0,0.6234143157055284,6.06494328279803,25.475462816970932,30.016023537302626,25.660349691585864,0.44310629275633306,2.214722527960177
1,2,85,2,0,2,2,0,1,0,1,0,1,0,0,0,0,0,0,0,0,0,0,0,0,0,0,0,0,0,0,0,1,0,0,0,0,0,0,1,1,0,0,0.5046301305582096,-10.41382460486464,12.762946936393535,30.473760476419205,11.74996977656982,-0.1826921430965066,6.316458197869082
1,1,78,1,5,2,2,1,0,1,0,0,0,0,0,0,0,0,0,0,0,1,0,0,0,0,1,0,0,0,0,0,0,0,0,0,0,0,0,1,0,0,0,-2.063919479933501,-128.4588625608027,50.41454852794001,31.55595402103294,15.715134754363694,1.115322886012605,12.176348033266278
0,2,59,1,-2,2,2,1,1,0,1,0,0,0,0,0,0,1,0,0,1,0,0,0,0,0,0,0,0,0,0,0,0,0,0,0,0,0,0,0,0,0,0,1.3884293022593166,-15.998184314272056,39.80832726397805,31.174560300321833,8.064072630114525,0.8145358879776604,-0.9971788224438711
1,2,34,1,2,2,2,0,1,0,0,0,1,0,0,0,0,0,0,0,1,1,0,0,1,0,0,0,0,0,0,0,0,0,0,0,0,0,0,0,0,0,0,1.7727442391559012,-2.5623074203029184,11.245144492259833,38.49595614831398,26.896554931078928,-0.11071534153902585,-1.6562500062292598
0,1,67,2,10,2,2,1,0,1,0,0,0,0,0,0,1,1,0,0,0,0,0,0,0,0,0,0,0,0,0,0,0,0,0,0,0,0,0,0,1,0,0,-4.184352598352508,40.03952412078554,6.502494284497235,31.34594950981705,4.0378500027314566,-0.2973610648023529,15.882543112830477
1,1,93,2,0,2,2,0,0,1,0,0,1,1,1,0,1,1,0,0,0,1,0,0,0,0,0,0,0,0,0,0,0,0,0,0,0,0,0,1,1,0,1,-3.8655857452527753,-11.105662829460197,21.770127318554145,32.558553432584006,11.702878281242132,-0.18901023536277228,-2.3538894337354757
1,1,77,2,3,2,2,1,1,0,1,0,1,0,0,0,0,0,0,0,1,0,0,0,0,0,0,0,0,0,0,0,0,0,0,0,0,0,0,1,0,0,0,-5.148802651316466,-19.554248427720832,29.339704263229148,30.419327594469227,3.8444252019837974,0.46338581068185114,1.6422605552931948
0,1,38,1,3,2,2,1,0,0,0,0,0,0,0,0,1,1,0,0,0,0,1,0,0,0,0,0,0,0,0,0,0,0,0,0,0,0,0,1,0,0,0,-2.444003585923322,5.878287443767256,42.67184900652263,25.39694729623734,22.620737135700228,-0.31670537175986924,-2.957731524529737
1,1,81,2,0,2,2,0,0,0,1,0,1,0,0,0,0,0,0,0,0,1,0,0,0,0,0,0,0,0,0,0,0,0,0,0,0,0,0,1,0,0,0,5.72871669100357,166.7392316749664,11.278157498764454,41.27175976070106,12.911079159289592,-0.2149265449904736,1.7849487238370938
1,1,87,2,12,2,2,0,1,0,1,1,1,0,0,0,1,0,0,0,0,1,0,0,0,1,0,0,0,0,0,0,0,0,0,0,0,0,0,1,0,0,0,5.739525501188642,46.159418063037975,267.85095595003827,39.42595181837156,18.373329825755334,-0.025152489008298362,3.038511460355177
0,2,81,2,2,2,2,0,0,0,0,0,1,0,1,0,0,1,0,0,0,0,1,0,0,0,0,0,0,0,0,0,0,0,0,0,0,0,0,0,0,1,0,-3.291265658403706,9.46298041507574,20.266607933123396,33.38366134876564,10.909055128716883,0.3666724221634609,6.611662067886269
1,1,65,1,18,2,2,0,1,1,1,1,1,0,0,0,0,1,0,0,0,0,0,0,0,0,0,0,0,0,0,0,0,0,0,0,0,0,1,1,0,0,0,0.9821586346272271,12.083714361718137,39.94071534664196,27.456826525600547,23.395914411284863,0.6071251068150058,0.8184054836674712
1,1,37,1,8,2,2,1,1,0,1,1,1,0,0,0,1,0,0,0,0,1,0,0,0,0,0,0,0,0,0,0,0,0,0,0,0,0,0,0,0,0,0,-2.0995437912546455,-0.5660987947733318,20.9099382327939,29.902496433966895,37.95519294393129,-0.2002539282207696,2.292751859388949
1,2,69,1,-3,2,2,0,1,1,0,1,0,0,0,0,1,1,0,1,0,0,0,0,0,0,0,0,0,0,0,0,0,0,0,0,0,0,0,1,0,0,0,-3.3581644126988777,8.8936766681422,53.342288350843276,43.24926822464071,22.81909110665203,1.0053633335347953,6.97247086446513
